Δεύτερη δυναμική κινητοποίηση από τους διανομείς σε Εfood και Wolt,efsyn.gr,2025-11-29,https://www.efsyn.gr/oikonomia/ergasiaka/492637_deyteri-dynamiki-kinitopoiisi-apo-toys-dianomeis-se-efood-kai-wolt,2026-02-14 17:29:21.690380,"Δυναμική κινητοποίηση,τη δεύτερη σε δύο μέρες, πραγματοποίησε πλήθος διανομέων της Εfood και της Wolt στη συμβολή των οδών Κηφισίας και Αλεξάνδρας στο πλαίσιο στάσης εργασίαςγια τη διεκδίκηση καλύτερων συνθηκών εργασίαςμε βασικά δικαιώματα και αυξήσεις στους μισθούς. Χθες έκαναν μαζική μοτοπορεία στο κέντρο της Αθήνας στέλνοντας ισχυρό μήνυμα ενάντια στην απληστία των πλατφορμών και την συστηματική αδικία, που βιώνουν επί σειρά πολλών ετών. Όπως αναφέρει σε ανακοίνωσή του το επιχειρησιακό σωματείο των εργαζομένων της Εfood, οι εταιρίες «βγάζουν όλο και περισσότερα εκατομμύρια στις πλάτες μας και την ίδια στιγμή αρνούνται να υπογράψουν συλλογικές συμβάσεις με αυξήσεις. Αντίθετα, μειώνουν συνέχεια τις αμοιβές μας και αυξάνουν την πίεση στην ένταση των διανομών με κίνδυνο στην ασφάλεια μας». Γι' αυτούς τους λόγους απαιτούν «συλλογική σύμβαση για όλες τις ειδικότητες με αυξήσεις στους μισθούς, ελάχιστη αμοιβή ανά ώρα και αύξηση των αμοιβών, κάλυψη ατυχήματος και τέλος οι εργολάβοι - απευθείας προσλήψεις». «Θυμόμαστε ότι εμείς έχουμε την δύναμη, χωρίς εμάς οι πλατφόρμες δεν είναι τίποτα. Θυμόμαστε ότι ενωμένοι μπορούμε να νικάμε. Όλοι και όλες σήμερα στην στάση εργασίας για τον κοινό μας αγώνα!»."
Κινητοποιήσεις για τις περικοπές,efsyn.gr,2025-11-28,https://www.efsyn.gr/oikonomia/ergasiaka/492427_kinitopoiiseis-gia-tis-perikopes,2026-02-14 17:29:21.690380,"Το 2019 η φωτογραφία μιας μετανάστριας μητέρας διανομέα με ποδήλατο, τη στολή της δουλειάς και ένα παιδί στην αγκαλιά στο Μπουένος Αϊρες ανάγκασε διεθνείς φορείς να στρέψουν το βλέμμα στην εργασία στις ψηφιακές πλατφόρμες, που επί σειρά ετών παρέμενε απαρατήρητη. Η ίδια είχε δηλώσει ότι δεν πήγαινε παραγγελίες αλλά το παιδί στον βρεφονηπιακό σταθμό πριν από την έναρξη της βάρδιάς της για την PedidosYa. Η εικόνα ενός διανομέα στην Αθήνα να απαντά στο κινητό εν κινήσει έρχεται από το κοντινό μέλλον, καθώς με το νέο σύστημα αποδοχής και κατανομής παραδόσεων η Efood καλεί τους εργαζόμενους να βρίσκονται σε συνεχή επαγρύπνηση στην εφαρμογή της πλατφόρμας και στις ειδοποιήσεις της ακόμα και κατά τη διάρκεια της οδήγησης. Οι παραπάνω απαιτήσεις με σαφή κίνδυνο για την υγεία και την ασφάλεια των οδηγών, το αδιαφανές σύστημα πληρωμής ανά παραγγελία για τα «μπλοκάκια» και το υπερεκμεταλλευτικό μοντέλο των εργολάβων βγάζουν σήμερα και αύριο τους διανομείς της Efood και της Wolt στους δρόμους σε πέντε πόλεις της χώρας: Αθήνα, Θεσσαλονίκη, Γιάννενα, Βόλο και Καλαμάτα. Τα σωματεία κήρυξαν στάσεις εργασίας από τις 6 το απόγευμα μέχρι τις 11 το βράδυ διεκδικώντας συλλογικές συμβάσεις εργασίας, μισθολογικές αυξήσεις σε όλες τις ειδικότητες των εργαζομένων, ελάχιστη εγγυημένη τιμή ανά ώρα, κάλυψη εργατικού ατυχήματος, δωρεάν μέσα ατομικής προστασίας για τους λεγόμενους «freelancers» και μετατροπή όσων από αυτούς το επιθυμούν σε μισθωτούς. Σύμφωνα με το Σωματείο Εργαζομένων στην Efood Π. Αττικής, η εταιρεία αρνείται εδώ και μήνες να διαπραγματευτεί για τους μισθούς και τις συνθήκες εργασίας και απέρριψε την πρόταση του μεσολαβητή στον Οργανισμό Μεσολάβησης και Διαιτησίας, που είχε γίνει δεκτή από τους εργαζόμενους μισθωτούς σε απόφαση Γενικής Συνέλευσης. Κεντρικό αίτημα αποτελούν επίσης οι προσλήψεις απευθείας στην εταιρεία, ώστε να μπει τέλος στο καθεστώς των εργολάβων. Οι στολάρχες τους «κρατούν μεγάλο μέρος των αμοιβών μας, επιβάλλουν σκληρούς όρους και εκμεταλλεύονται τις περισσότερες φορές το πιο ευάλωτο κομμάτι των συναδέλφων μας, τους μετανάστες. Μεσάζοντες και εταιρεία κερδίζουν, ενώ όλοι οι εργαζόμενοι, ανεξαρτήτως σχέσης εργασίας και εθνικότητας, χάνουμε. Σε αντίθεση με τον ρατσιστικό λόγο που προωθείται για να μας διχάσει, ξεκαθαρίζουμε πως είμαστε συνάδελφοι και αδέλφια με όλους τους μετανάστες. Δεν ρίχνουν οι εργαζόμενοι τις τιμές αλλά οι εργολάβοι» τονίζει το σωματείο. Οπως αναφέρει στο κάλεσμά του, ο αλγόριθμος πλειστηριάζει τις τιμές των πληρωμών των freelancers. «Από το καλοκαίρι έως σήμερα, η μέση αμοιβή ανά παραγγελία έχει μειωθεί 25-30%, συμπιέζοντας το εισόδημα χιλιάδων συναδέλφων μας. Εχουμε καταλήξει να δουλεύουμε 12ωρα για να έχουμε αξιοπρεπές εισόδημα χωρίς δικαιώματα. Το πιο εξωφρενικό είναι πώς σε δεκάδες εργατικά ατυχήματα δεν είμαστε καλυμμένοι. Τραυματιζόμαστε και μένουμε απροστάτευτοι, χωρίς εισόδημα, ενώ οι εταιρείες κρύβονται πίσω από τον τίτλο του «συνεργάτη», μετατρέποντας την καθημερινή μας δουλειά σε παγίδα χωρίς δικαιώματα» σημειώνεται στην ανακοίνωση. Τα «ψωμιά» του μυστικού αλγόριθμου θα είναι μετρημένα αν εφαρμοστεί στην πράξη η πρόβλεψη της ευρωπαϊκής οδηγίας 2831, η οποία υιοθετήθηκε μόλις το 2024 και πρέπει να ενσωματωθεί στις εθνικές νομοθεσίες των κρατών-μελών μέχρι τον Δεκέμβριο του 2026. Η σχετική διάταξη ρύθμιση υποχρεώνει τις εταιρείες να δίνουν στοιχεία για τον προγραμματισμό του αλγόριθμου σε άτομο, σωματείο ή στο υπουργείο Εργασίας, προκειμένου να μην επαφίεται στη λειτουργία της μηχανής η αλλαγή της μισθοδοσίας, η απόλυση και η προαγωγή. Με άλλη σημαντική ρύθμιση οι εταιρείες των πλατφορμών θα είναι υπεύθυνες και για τη διαχείριση του εργολάβου. Η αρμόδια επιτροπή του ελληνικού υπουργείου Εργασίας, που συγκροτήθηκε τον περασμένο Ιούλιο, εξετάζει τα δεδομένα της Οδηγίας και πραγματοποιεί συναντήσεις με εκπροσώπους εργαζομένων και εταιρειών του κλάδου. Με τις διήμερες κινητοποιήσεις οι εργαζόμενοι ζητούν επίσης την άμεση οριοθέτηση της ακτίνας διανομής για τους μισθωτούς, για μην τους στέλνουν από το κέντρο της Αθήνας στην Κηφισιά και από τον Πειραιά στην Ηλιούπολη. Το ζήτημα των λεγόμενων ζωνών έθεσαν οι εκπρόσωποι των διανομέων την περασμένη Τρίτη στην Επιθεώρηση Εργασίας της Νέας Ιωνίας, με σκοπό να μειωθεί η έκταση των περιοχών και να μειωθεί ο κίνδυνος ατυχήματος από τις παραδόσεις σε άγνωστες περιοχές. Τη στήριξή τους στα σωματεία και στις συγκεντρώσεις τους στη συμβολή των οδών λεωφόρων Αλεξάνδρας και Κηφισίας (18.30 Παρασκευή και Σάββατο) έχουν εκφράσει επίσης συνελεύσεις εργαζομένων και συλλογικότητες του αντιεξουσιαστικού χώρου. "
Η μεγάλη απάτη των πληρωμών,efsyn.gr,2025-11-28,https://www.efsyn.gr/diabaste-simera/492419_i-megali-apati-ton-pliromon,2026-02-14 17:29:21.690380,Διαβάστε σήμερα στην Εφημερίδα των Συντακτών που κυκλοφορεί σε όλα τα περίπτερα αλλά μπορείτε να τη βρείτε και σε ψηφιακή μορφήεδώ. Η μεγάλη απάτη με τις πληρωμές Βουλή Κοινωνική κατοικία Πολεοδομίες Στον φακό της «Εφ.Συν.»: Black Friday Efood - Wolt Κεντροαριστερά Ουκρανία Χονγκ Κονγκ ΥΠΠΟ - ΕΦΑ Φθιώτιδας και Ευρυτανίας Everynight
Σωματείο εργαζομένων Efood: «Στημένο παιχνίδι» οι αμοιβές μας [βίντεο],efsyn.gr,2025-11-26,https://www.efsyn.gr/oikonomia/ergasiaka/492244_somateio-ergazomenon-efood-stimeno-paihnidi-oi-amoibes-mas-binteo,2026-02-14 17:29:21.690380,"Αντεργατικές πρακτικές από την εταιρία Efood σχετικά με τις αμοιβές τους και τους όρους εργασίας τους, κατήγγειλαν με ανακοίνωση και βίντεo τουσωματείουτους, οι εργαζόμενοι της εταιρίας. Συγκεκριμένα αναφέρουν ότι στις διπλές παραγγελίες, υποχρεώνονται να παραιτηθούν από την αμοιβή της δεύτερης κατά σειρά, ότι τα ηλεκτρονικά φιλοδωρήματα ενσωματώνονται στις αμοιβές τους, ότι δεν υπάρχει καμία διαφάνεια στην διαμόρφωση της τιμής ανά παραγγελία, ότι οι αμοιβες τους συνεχώς μειώνονται και ότι δουλεύουν χωρίς καμία ευθύνη της εταιρίας στο εργατικό ατύχημα.  «Η efood έχει κάνει τις αμοιβές μας ένα στημένο παιχνίδι! Στις διπλές παραγγελίες, κάνουμε δώρο στην εταιρία την δεύτερη παραγγελία. Τα ηλεκτρονικά φιλοδωρήματα έμμεσα ενσωματώνονται στις αμοιβές μας. Δεν υπάρχει καμία διαφάνεια στην διαμόρφωση της τιμής ανά παραγγελία. Οι τιμές και οι αμοιβες μας συνεχώς κατρακυλούν. Εχουμε μόνο έξοδα, χωρίς δικαιώματα, χωρίς καμία ευθύνη της εταιρείας στο εργατικό ατύχημα. Την ίδια στιγμή που η efood συσσωρεύει υπερκέρδη. Δεν θα ανεχτούμε πια αυτή την απάτη. Θέλουμε διαφάνεια στις αμοιβές μας. Ελάχιστη εγγυημένη αμοιβή ανά ώρα. Κάλυψη εργατικού ατυχήματος. Συλλογική σύμβαση τώρα για όλες τις ειδικότητες στην εταιρία! 👉 Όλοι και όλες στις στάσεις εργασίας Παρασκευή 28 και Σάββατο 29/11 από τις 18:00 εώς τις 23:00. 👉 Συγκέντρωση και τις δύο μέρες στις 18:30 στο KFC Κηφισίας και Αλεξάνδρας! Ο αγώνας μας απλώνεται σε όλη την Ελλάδα: Αττική, Θεσσαλονίκη, Καλαμάτα, Ιωάννινα, Βόλος! Βγαίνουμε στην αντεπίθεση! Τα θέλουμε όλα πίσω! ▶ συλλογική σύμβαση για όλες τις ειδικότητες με αυξήσεις στους μισθούς ▶ ελάχιστη αμοιβή ανά ώρα και αύξηση των αμοιβών ▶ κάλυψη ατυχήματος ▶ έξω οι εργολάβοι - απευθείας προσλήψεις στην εταιρεία» "
Στάσεις εργασίας σε Efood και Wolt για το «αυτονόητο»,efsyn.gr,2025-11-25,https://www.efsyn.gr/oikonomia/ergasiaka/492151_staseis-ergasias-se-efood-kai-wolt-gia-aytonoito,2026-02-14 17:29:21.690380,"Σε στάσεις εργασίας την Παρασκευή 28 και το Σάββατο 29 Νοεμβρίου (από τις 6 το απόγευμα έως τις 11 το βράδυ) προχωρούν οι εργαζόμενοι της Efood κα της Efood και της Wolt, διεκδικώντας το «αυτονόητο», όπως σημειώνουν, δηλαδή «αξιοπρεπείς όρους εργασίας για όλους»: αξιοπρεπείς αμοιβές, διαφάνεια στους όρους εργασίας και ουσιαστικό διάλογο με την εταιρία. Στη σχετική ανακοίνωση των εργαζομένων της Efood, τονίζεται ότι στο πλαίσιο του διημέρου κινητοποιήσεων, συμμετέχουν επίσης σωματεία από Θεσσαλονίκη, Καλαμάτα, Γιάννενα και Βόλο, «καθιστώντας τον αγώνα πανελλαδικό και ενισχύοντας τη συλλογική μας φωνή». Σύμφωνα με τους εργαζομένους: «Η Efood αρνείται εδώ και μήνες να διαπραγματευτεί με το επιχειρησιακό μας σωματείο για τους μισθούς και τις συνθήκες εργασίας. Παρά το γεγονός ότι η πρόταση του μεσολαβητή στον ΟΜΕΔ έγινε δεκτή από τους εργαζόμενους μισθωτούς με απόφαση Γενικής Συνέλευσης, η εταιρία την απέρριψε, δείχνοντας αδιαλλαξία απέναντι σε κάθε προσπάθεια εξεύρεσης λύσης. »Την ίδια στιγμή, στους συναδέλφους freelancers εφαρμόζεται ένα αδιαφανές σύστημα πληρωμής ανά παραγγελία, όπου ο αλγόριθμος πλειστηριάζει τις τιμές. Από το καλοκαίρι έως σήμερα, η μέση αμοιβή ανά παραγγελία έχει μειωθεί 25–30%, συμπιέζοντας το εισόδημα χιλιάδων συναδέλφων μας. Έχουμε καταλήξει να δουλεύουμε 12ώρα για να έχουμε αξιοπρεπές εισόδημα χωρίς δικαιώματα. Το πιο εξωφρενικό είναι πώς σε δεκάδες εργατικά ατυχήματα δεν είμαστε καλυμμένοι. Τραυματιζόμαστε και μένουμε απροστάτευτοι, χωρίς εισόδημα, ενώ οι εταιρίες κρύβονται πίσω από τον τίτλο του «συνεργάτη», μετατρέποντας την καθημερινή μας δουλειά σε παγίδα χωρίς δικαιώματα. »Παράλληλα, η εταιρία έχει εισαγάγει το μοντέλο των εργολάβων, δημιουργώντας ένα ακόμη πιο ανεξέλεγκτο και εκμεταλλευτικό καθεστώς. Οι εργολάβοι λειτουργούν ως μεσάζοντες: κρατούν μεγάλο μέρος των αμοιβών μας, επιβάλλουν σκληρούς όρους και εκμεταλλεύονται τις περισσότερες φορές το πιο ευάλωτο κομμάτι των συναδέλφων μας, τους μετανάστες. Μεσάζοντες και εταιρία κερδίζουν, ενώ όλοι οι εργαζόμενοι ανεξαρτήτως σχέσης εργασίας και εθνικότητας, χάνουμε.Σε αντίθεση με τον ρατσιστικό λόγο που προωθείται για να μας διχάσει,ξεκαθαρίζουμε πως είμαστε συνάδελφοι και αδέλφια με όλους τους μετανάστες.Δεν ρίχνουν οι εργαζόμενοι τις τιμές αλλά οι εργολάβοι. Την Παρασκευή και το Σάββατο όλοι οι συνάδελφοι-ισσες μας στα δίκυκλα, στα γραφεία, στις αποθήκες της Efood θα γίνουμε ένα ενιαίο σύνολο απέναντι στην λογική των ατομικών λύσεων. »Οι κινητοποιήσεις μας δεν αφορούν μόνο τους εργαζόμενους στις εταιρίες πλατφόρμες. Αφορούν ολόκληρη την κοινωνία:τον σεβασμό στην εργασία, τη διαφάνεια στους αλγορίθμους, την ασυδοσία των πολυεθνικών που καθορίζουν τις ζωές μας. »Καλούμε την κοινωνία να στηρίξει τις κινητοποιήσεις μας, γιατί ο αγώνας για αξιοπρεπείς όρους εργασίας αφορά όλους μας. »ΔΙΕΚΔΙΚΟΥΜΕ:"
Vodafone CU: Αναβαθμισμένο δίκτυο και μοναδικά προνόμια για να ζουν οι φοιτητές στο ΦΟΥΛ,efsyn.gr,2025-09-16,https://www.efsyn.gr/oikonomia/ta-nea-tis-agoras/484877_vodafone-cu-anabathmismeno-diktyo-kai-monadika-pronomia-gia-na,2026-02-14 17:29:21.690380,"Το Vodafone CU βελτιώνει την καθημερινότητα των φοιτητών με το δίκτυο της Vodafone που συνεχώς αναβαθμίζεται, φοιτητικά πακέτα που προσφέρουν ακόμη περισσότερη αξία και CU Around προσφορές που κάνουν την κάθε μέρα πιο διασκεδαστική. Φέτος, μέσα από το CU AROUND, νέοι και υφιστάμενοι CU συνδρομητές υποδέχονται τη νέα χρονιά με το CU Student Starter Pack, μια σειρά από κουπόνια και προσφορές που τους βοηθούν να ξεκινήσουν με τον καλύτερο δυνατό τρόπο. Οι νέοι CU Students μπορούν να αποκτήσουν το Starter Pack στα καταστήματα Vodafone με την εγγραφή τους, ενώ οι υφιστάμενοι συνδρομητές το βρίσκουν μέσα από το CU AROUND στο My CU App. Στο Starter Pack περιλαμβάνονται μεταξύ άλλων: Τα οφέλη όμως δεν σταματούν εδώ. Για το νέο φοιτητικό σπίτι, η συνδυαστική προσφορά CU και Vodafone προσφέρει ίντερνετ και σταθερό με ταχύτητες fiber έως 100Mbps από 17,9€ και δώρο το Vodafone TV για 2 μήνες, για να απολαμβάνουν τις αγαπημένες τους σειρές και ταινίες. Το Vodafone CU επενδύει σταθερά στην εμπειρία σύνδεσης στα Πανεπιστήμια, αλλά και όπου κινούνται οι νέοι. Τα τελευταία δύο χρόνια η μέση ταχύτητα του δικτύου Vodafone έχει αυξηθεί κατά 50%, ενώ η παρουσία του 5G στους χώρους των πανεπιστημίων αυξήθηκε κατά 70%. Το αποτέλεσμα είναι ταχύτητες και ποιότητα που ξεχωρίζουν, μια εμπειρία που οι ίδιοι οι φοιτητές αναγνωρίζουν και απολαμβάνουν καθημερινά, με γρηγορότερες ταχύτητες στο κινητό, όπου και όποτε το χρειάζονται, σε ακόμη περισσότερα σημεία. Παράλληλα, το Vodafone CU συνεχίζει να δημιουργεί προϊόντα που αναβαθμίζουν πραγματικά τη φοιτητική ζωή. Από το 2016 ήταν το πρώτο που έδωσε free data στα Πανεπιστήμια και σήμερα προσφέρει πακέτα με τριπλάσιες παροχές στην ίδια τιμή. Μαζί με αποκλειστικές προσφορές, εκπτώσεις και προνόμια μέσω του CU Around, το Vodafone CU στηρίζει τοφοιτητικό budget ώστε να ζουν οι φοιτητές την κάθε εμπειρία στο φουλ. Το Vodafone CU είναι ο σύμμαχος που χρειάζονται οι νέοι για να ζήσουν τη φοιτητική ζωή στο έπακρο. Με το Vodafone CU, κάθε φοιτητική εμπειρία γίνεται πιο δυνατή, πιο συνδεδεμένη, πιο ξεχωριστή. Οι CU συνδρομητές απολαμβάνουν ενισχυμένη συνδεσιμότητα, ακριβώς όταν τη χρειάζονται, στις στιγμές που μετρούν περισσότερο."
Το efood επεκτείνεται σε περισσότερα ελληνικά νησιά.,efsyn.gr,2025-07-03,https://www.efsyn.gr/oikonomia/ta-nea-tis-agoras/478442_efood-epekteinetai-se-perissotera-ellinika-nisia,2026-02-14 17:29:21.690380,"Το efood, η #1 υπηρεσία delivery στην Ελλάδα, επεκτείνει την υπηρεσία διανομής του και θα βρίσκεται από φέτος το καλοκαίρι στους πλέον δημοφιλείς νησιωτικούς και καλοκαιρινούς προορισμούς της χώρας. Τόσο οι επισκέπτες όσο και οι κάτοικοι των περιοχών θα μπορούν πλέον να παραγγέλνουν και να παραλαμβάνουν τα αγαπημένα τους προϊόντα, όπου βρίσκονται, μέσα σε λίγα λεπτά. Με στόχο την κάλυψη ακόμη περισσότερων σημείων σε όλη την Ελλάδα, η υπηρεσία διανομής του efood είναι πλέον διαθέσιμη στη Μύκονο, τη Σύρο, την Πάρο, τη Νάξο, την Πρέβεζα, καθώς και στην Κω, τη Ζάκυνθο, τη Λευκάδα και την Κεφαλονιά. Η υπηρεσία του efood προσφέρει μοναδική ευκολία στους χρήστες του, με την παράδοση φαγητού και καφέ όπως και προϊόντων από τα τοπικά καταστήματα -είτε πρόκειται για είδη μικρής λιανικής και σούπερ μάρκετ είτε για ανθοπωλεία, ζαχαροπλαστεία κ.ο.κ- ακόμα και σε προορισμούς όπου η διανομή μπορεί να είναι πρόκληση. Αποτελεί, την ίδια στιγμή, σημαντικό εργαλείο για τις τοπικές επιχειρήσεις που δεν διαθέτουν δική τους υπηρεσία διανομής, επιτρέποντάς τους να προβληθούν, να επεκτείνουν το πελατολόγιό τους και να προσφέρουν τα προϊόντα τους σε ακόμα περισσότερους καταναλωτές. Το efood καθιερώνεται πλέον ως αναπόσπαστο κομμάτι της ελληνικής καλοκαιρινής εμπειρίας για τους επισκέπτες και της καθημερινότητας όλο τον χρόνο για τους κατοίκους των περιοχών, προσφέροντας λύσεις που ενισχύουν τους καταναλωτές αλλά και τη βιωσιμότητα των τοπικών κοινωνιών."
Το efood υποδέχεται τα Mailo’s - The Pasta Project.,efsyn.gr,2025-04-22,https://www.efsyn.gr/oikonomia/ta-nea-tis-agoras/469994_efood-ypodehetai-ta-mailos-pasta-project,2026-02-14 17:29:21.690380,"Πλέον, οι λάτρεις των ζυμαρικών μπορούν να απολαμβάνουν τις signature μακαρονάδες των Mailo’s μέσω της πλατφόρμας του efood, διαλέγοντας ανάμεσα στα φρέσκα ζυμαρικά τους – Rigatoni, Casarecce, Campanelle – και τις αληθινά αγαπημένες sauces που έχουν καθιερώσει τα Mailo’s ως την απόλυτη pasta εμπειρία. Η συνεργασία ξεκινά δυνατά με τα Mailo’s – The Pasta Project, να προσγειώνονται στο efood μέσα από 35 καταστήματα σε 9 πόλεις – ανάμεσά τους η Αθήνα, η Θεσσαλονίκη, η Πάτρα και το Ηράκλειο – για να φέρουν το πιο λαχταριστό pasta cup που έχεις δοκιμάσει, εκεί που το θες. Με περισσότερα από 21.000 καταστήματα διαθέσιμα στις επιλογές του, το efood προσφέρει την καλύτερη εμπειρία delivery και μοναδικές γεύσεις στους χρήστες του."
Νέα νίκη των εργαζομένων της e-food στο δρόμο για τη συλλογική σύμβαση,efsyn.gr,2025-03-16,https://www.efsyn.gr/oikonomia/ergasiaka/466225_nea-niki-ton-ergazomenon-tis-e-food-sto-dromo-gia-ti-syllogiki-symbasi,2026-02-14 17:29:21.690380,"Μια δύσκολη νίκη απέναντι στην e-food κατήγαγαν οι εργαζόμενοι αναγκάζοντας τον κολοσσό της διανομής φαγητού να δεχτεί πώς η κατάρτιση του προγράμματος εργασίας θα γίνεται από τους μισθωτούς διανομείς. Από το Σωματείο Εργαζομένων στηνEfoodΠεριφέρειας Αττικής εκτιμούν πως η εταιρία γιγαντώθηκε ακριβώς λόγω της αρχικής επιλογής της (από το 2020) σχετικά με την επιφόρτιση της διαμόρφωσης του προγράμματος από τους μισθωτούς και πως επεδίωκε να τους οδηγήσει πια σε αποχώρηση αλλάζοντας μονομερώς την παραπάνω απόφαση, κάτι το οποίο θα μετέβαλε άρδην ένα δεδομένο με βάσει το οποίο έχουν διαμορφώσει την καθημερινότητά τους. Οι εκπρόσωποι της πολυεθνικής εταιρίας είχαν συναινέσει προφορικά στο αίτημα ύστερα από τις απεργιακές κινητοποιήσεις του περασμένου Ιανουαρίου αλλά απέφευγαν να υπογράψουν το κείμενο. «Μέχρι και την τελευταία στιγμή συνάδελφοι είχαν κινητοποιηθεί κάτω από τα γραφεία του Οργανισμού Μεσολάβησης και Διαιτησίας, όπως είχε γίνει και στην περίπτωση τουΣΕΠΕδιότι γνωρίζουμε ότι η αγωνιστική μας συμμετοχή και παρουσία αποτελούν καταλύτη των εξελίξεων» εξηγεί το σωματείο. Τελικά, οι συνεχείς πιέσεις του, εδώ και δυόμιση μήνες, υποχρέωσαν την e-food -για πρώτη φορά στα χρόνια δράσης των εργαζομένων- να δεσμευτεί γραπτώς σε διμερή συμφωνία με συλλογικό αντίκτυπο. Σύμφωνα με το σωματείο, η συμφωνία προβλέπει ότι όλοι οι μισθωτοί διανομείς (8ωροι, 6ωροι, 4ωροι) θα διαμορφώνουν μέσω της εφαρμογής σταθερό πρόγραμμα από 1-4 εβδομάδες με συνεχόμενα ρεπό, εφόσον το επιθυμούν, και ότι διασφαλίζεται το πενθήμερο - οκτάωρο, χωρίς διευθέτηση του χρόνου εργασίας, δηλαδή των υπερωριών που δεν πληρώνονται αλλά συμψηφίζονται με ρεπό, όποτε επιλέξει ο εργοδότης. Σε ανακοίνωσή του το σωματείο εξέφρασε την περασμένη Παρασκευή την αισιοδοξία πως η παραπάνω απόφαση ανοίγει τον δρόμο για συλλογικές συμβάσεις εργασίας, καθώς διεκδικούν σημαντικές αυξήσεις στους μισθούς και κατοχύρωση συλλογικών δικαιωμάτων πατώντας στα μεγάλα κέρδη της εταιρίας. Η πρόταση για ΣΣΕ έχει κατατεθεί στον ΟΜΕΔ, με τις διαπραγματεύσεις ανάμεσα στις δύο πλευρές να συνεχίζονται."
Το efood και το Κέντρο Διοτίμα ενώνουν δυνάμεις για τις επιζώσες έμφυλης βίας,efsyn.gr,2025-03-05,https://www.efsyn.gr/oikonomia/ta-nea-tis-agoras/465130_efood-kai-kentro-diotima-enonoyn-dynameis-gia-tis-epizoses,2026-02-14 17:29:21.690380,"Το efood, η #1 υπηρεσία delivery στην Ελλάδα, μέσα από το πρόγραμμα εταιρικής κοινωνικής ευθύνης Love Delivered, ενώνει τις δυνάμεις του με τοΚέντρο Διοτίμακαι ενισχύει τιςυπηρεσίεςνομικής και ψυχοκοινωνικής υποστήριξης για τις γυναίκες που έχουν υποστεί έμφυλη βία. Πώς μπορείς να βοηθήσεις; Με αφορμή την Παγκόσμια Ημέρα της Γυναίκας από τις 28 Φεβρουαρίου έως τις 10 Μαρτίου, κάθε δωρεά που θα γίνεται μέσα από την πλατφόρμα του efood, θα στηρίξει άμεσα το έργο του Κέντρου Διοτίμα και τις επιζώσες έμφυλης βίας. Συγκεκριμένα, το efood έχει ενεργοποιήσει δύο μηχανισμούς. Κάθε χρήστης, μπορεί να πραγματοποιήσει δωρεά του ποσού που επιθυμεί, πατώντας το σχετικό banner στο efood, χωρίς να χρειαστεί να πραγματοποιηθεί παραγγελία ή να προσφέρει 1€ κατά την ολοκλήρωση της παραγγελίας του. Γιατί η συμμετοχή μας έχει σημασία; Η έμφυλη βία είναι ένα πρόβλημα που δεν αφορά μόνο όσες το βιώνουν, αλλά όλες και όλους μας. Με τη συμμετοχή μας σε αυτή την πρωτοβουλία από το efood, συμβάλλουμε στην παροχή απαραίτητων πόρων και υπηρεσιών που βοηθούν τις γυναίκες να ξαναχτίσουν τις ζωές τους, να βρουν ξανά την αυτοπεποίθησή τους και να διεκδικήσουν το δικαίωμά τους σε μια ζωή χωρίς φόβο. Η αλλαγή ξεκινάει από εμάς. Στήριξε κι εσύ την προσπάθεια, γιατί κάθε κίνηση μετράει."
Συνεχίζουν τις κινητοποιήσεις οι διανομείς της efood,efsyn.gr,2025-01-11,https://www.efsyn.gr/oikonomia/ergasiaka/459358_synehizoyn-tis-kinitopoiiseis-oi-dianomeis-tis-efood,2026-02-14 17:29:21.690380,"Τη δεύτερη 24ωρη απεργία τους τις τελευταίες 15 μέρες πραγματοποίησαν χθες οι διανομείς της efood, που συγκεντρώθηκαν έξω από τα γραφεία της Επιθεώρησης Εργασίας στην Πατησίων. Οι διανομείς συνεχίζουν να απαιτούν την υπογραφή Συλλογικής Σύμβασης Εργασίας και όχι την επέκταση των «εργολαβιών», όπως και τη διατήρηση του τρόπου καθορισμού των ωραρίων τους. Φτάνοντας έξω από την Επιθεώρηση Εργασίας, οι εργαζόμενοι κατήγγειλαν την παρουσία των ΜΑΤ ως υποστήριξη στην εταιρεία, ζητώντας να αποχωρήσουν οι αστυνομικές δυνάμεις. Μιλώντας στην «Εφ.Συν.», ο Γιώργος Στεφανάκης, πρόεδρος του Συνδικάτου Επισιτισμού-Τουρισμού Ξενοδοχείων Ν. Αττικής, τόνισε ότι οι αστυνομικές δυνάμεις δέχτηκαν τελικά να αποχωρήσουν και δρομολογήθηκε συνάντηση με την εργοδοσία, που αποτελεί μια θετική εξέλιξη. «Βλέπουμε από τις πλατφόρμες να κινούνται σε εργολαβικές εταιρείες και όχι προς εργαζόμενους με συμβάσεις ή freelancers, γεγονός που αλλάζει το μοντέλο λειτουργίας και θίγει τα δικαιώματα των εργαζομένων», είπε, εν αναμονή της νέας διμερούς συνάντησης. Οπως τόνισε ο γραμματέας του Σωματείου Εργαζομένων efood Περιφέρειας Αττικής, Μιχάλης Ρέτζιος (flash.gr), από το 2020 και μέχρι σήμερα το πρόγραμμα διαμορφωνόταν από τους ίδιους τους εργαζόμενους της efood, γεγονός που αποτελούσε δέλεαρ για την προσέλκυση διανομέων, βοηθώντας στην επέκταση της εταιρείας. «Εκδικητικά, απειλητικά και για να μας οδηγήσει σε παραίτηση, η εταιρεία το αλλάζει μονομερώς και χωρίς καμία διαβούλευση», επισήμανε χαρακτηριστικά. Οπως καταγγέλλει ακόμη στην ανακοίνωσή του το Σωματείο: «Ενας αλγόριθμος και ο νόμος προσφοράς-ζήτησης κρίνει πόσο “αξίζουμε” κάθε ώρα, με βάση τον αριθμό των παραγγελιών και τη διαθεσιμότητα των διανομέων. Δεν υπάρχει διαφάνεια ούτε δίκαιη αξιολόγηση. Δεν έχει σημασία αν βρισκόμαστε ακριβώς έξω από το εστιατόριο παραλαβής αφού ο “αλγόριθμος” δίνει την παραγγελία στην εργολαβία! Το αποτέλεσμα είναι το εισόδημα από τις τόσες ώρες εργασίας να γίνεται χαρτζιλίκι!». Μετά την απεργιακή συγκέντρωση, το σωματείο αναφέρει ότι υπήρξε δέσμευση από την εταιρεία ώστε να επανέλθει το προηγούμενο καθεστώς, σύμφωνα με το οποίο οι ίδιοι οι διανομείς διαμόρφωναν το πρόγραμμα εργασίας τους. Μάλιστα, έχει προγραμματιστεί νέα συνάντηση για την επόμενη Παρασκευή 17 Ιανουαρίου με σκοπό η δέσμευση να λάβει συγκεκριμένη και γραπτή μορφή."
MAT κατά διανομέων της efood στο ΣΕΠΕ,efsyn.gr,2025-01-10,https://www.efsyn.gr/ellada/koinonia/459285_mat-kata-dianomeon-tis-efood-sto-sepe,2026-02-14 17:29:21.690380,"Τον αγώνα για υπογραφή συλλογικής σύμβασης εργασίας, ουσιαστικές αυξήσεις, ασφαλιστική κάλυψη, προσλήψεις απευθείας από την efood και όχι από εργολάβους συνεχίζουν οι διανομείς - «freelancers». Ωστόσο, για ακόμα μία φορά η ΕΛ.ΑΣ. έστειλε διμοιρίες ΜΑΤ ενάντια στους συγκεντρωμένους έξω από το ΣΕΠΕ Νέας Ιωνίας, οι οποίοι καταγγέλλουν την προκλητική στάση της κυβέρνησης, που έχουν παρατάξει ένστολους απέναντι σε εργαζόμενους που διεκδικούν δίκαια αιτήματα. «Έχουμε έρθει εδώ για να πάρουμε πίσω τα δικαιώματα, που μάς έχει πάρει η e-food και για άλλη μία φορά, η αστυνομία κάνει πλάτες στην εταιρεία. Τους καλούμε να αποχωρήσουν από το χώρο για να κάνουμε την διαμαρτυρία μας» δήλωσε ένας από τους διανομείς. Το Σωματείο των Εργαζόμενων στην e-food τόνισε στο κάλεσμά του για τη σημερινή κινητοποίηση για συνάντηση στην Επιθεώρηση Εργασίας «με εκπροσώπους της Efood για το θέμα των βαρδιών των μισθωτών συναδέλφων μας. Ξέρουμε πώς η εταιρία πίσω από αυτή την μονομερή απόφαση είναι να ξεφορτωθεί την εργασία με δικαιώματα, ενώ ταυτόχρονα συμπιέζει τους μισθούς των freelancers, τους οδηγεί στην έξοδο με απώτερο σκοπό να επιβάλλει το καθεστώς ασυδοσίας των εργολάβων. »Η συγκεκριμένη μάχη είναι μάχη όλων ανεξαιρέτως των διανομέων αφού το αποτέλεσμα μιας τέτοιας απόφασης θα μας επηρεάσει όλους/ες είτε δουλεύουμε ως μισθωτοί είτε ως freelancers. Η εργασία με δικαιώματα και η ύπαρξη του σωματείου καθυστέρησε την είσοδο των εργολάβων/στολαρχών στην Efood και φρέναρε το σχεδιασμό για περαιτέρω Woltοποίηση. Ο σχεδιασμός της εταιρίας για την νέα χρονιά δεν θα περάσει χωρίς αντίσταση. Η κατάργηση των συνεργασιών με τις εργολαβικές εταιρίες θα γίνει μόνο με τον δικό μας αγώνα μας και θα ολοκληρωθεί με τις απευθείας προσλήψεις των συναδέλφων μας από την ίδια την Efood» σημειώνεται στην ανακοίνωση. Το Σωματείο θυμίζει τη νίκη των εργαζομένων τον Σεπτέμβρη του 2021, όταν η εργολαβική, Manpower πήρε πόδι και προσλήφθηκαν 2000 διανομείς με αορίστου χρόνου απευθείας από την Efood. «Διεξάγουμε τον ίδιο αγώνα και στο σήμερα, έχουμε ευθύνη και καθήκον προς τους εαυτούς μας, τις οικογένειές μας, τους φίλους μας για μια αξιοπρεπή στάση ζωής. Όλοι μαζί οι διανομείς μια γροθιά θα δώσουμε τη μάχη για σταθερό περιβάλλον εργασίας με δικαιώματα και συλλογική σύμβαση εργασίας. Δε θα αφήσουμε την Efood και τις νέες συνεργασίες της με στολάρχες/εργολάβους να κερδίζουν εις βάρος μας» καταλήγει."
Απεργία των εργαζομένων efood Αττικής την Παρασκευή,efsyn.gr,2025-01-09,https://www.efsyn.gr/oikonomia/ergasiaka/459147_apergia-ton-ergazomenon-efood-attikis-tin-paraskeyi,2026-02-14 17:29:21.690380,"Σε νέα 24ωρη απεργία προχωρά τοΣωματείο Εργαζομένων Efood Αττικής,την Παρασκευή 10 Ιανουαρίου, διεκδικώντας καλύτερες συνθήκες εργασίας κόντρα στις ενέργειες της εταιρίας. Η συγκέντρωση έχει προγραμματιστεί για τις10 π.μ.στοΣΕΠΕ Ν.Ιώνιας, ενώ θα υπάρξει προσυγκέντρωση στις 9:30 στον σταθμό Πευκάκια. Την Παρασκευή είναι η συνάντηση στηνΕπιθεώρηση Εργασίας της Νέας Ιωνίαςμε εκπροσώπους της Efood για το θέμα των βαρδιών των μισθωτών εργαζομένων. Το Σωματείο καταγγέλλει πως «ο πραγματικός σκοπός της εταιρίας πίσω από αυτή την μονομερή απόφαση είναι να ξεφορτωθεί την εργασία με δικαιώματα και να επιβάλλει το καθεστώς ασυδοσίας των εργολάβων». «Όλα τα προηγούμενα χρόνια η μισθωτή εργασία με δικαιώματα και η ύπαρξη του σωματείου συγκρατούσε τους μισθούς ανεβασμένους για όλους τους διανομείς ανεξαρτήτως από το καθεστώς εργασίας. Παράλληλα, καθυστέρησε την είσοδο των εργολάβων/στολαρχών στην Efood και φρέναρε το σχεδιασμό για περαιτέρω Woltοποίηση», αναφέρουν οι συνδικαλιστές εργαζόμενοι. Η ανακοίνωση του Σωματείου Εργαζομένων Efood Αττικής:Μετά τις χριστουγεννιάτικες κινητοποιήσεις μας (27-28/12) συνεχίζουμε το ίδιο αποφασιστικά με 24ωρη απεργία στις 10/1. Την συγκεκριμένη μέρα είναι η συνάντηση στην Επιθεώρηση Εργασίας της Νέας Ιωνίας με εκπροσώπους της Efood για το θέμα των βαρδιών των μισθωτών συναδέλφων μας. Ξέρουμε πώς ο πραγματικός σκοπός της εταιρίας πίσω από αυτή την μονομερή απόφαση είναι να ξεφορτωθεί την εργασία με δικαιώματα και να επιβάλλει το καθεστώς ασυδοσίας των εργολάβων. Η συγκεκριμένη μάχη είναι μάχη όλων ανεξαιρέτως των διανομέων αφού το αποτέλεσμα μιας τέτοιας απόφασης θα μας επηρεάσει όλους/ες. Όλα τα προηγούμενα χρόνια η μισθωτή εργασία με δικαιώματα και η ύπαρξη του σωματείου συγκρατούσε τους μισθούς ανεβασμένους για όλους τους διανομείς ανεξαρτήτως από το καθεστώς εργασίας. Παράλληλα, καθυστέρησε την είσοδο των εργολάβων/στολαρχών στην Efood και φρέναρε το σχεδιασμό για περαιτέρω Woltοποίηση. Ο σχεδιασμός της εταιρίας για την νέα χρονιά δεν θα περάσει χωρίς αντίσταση. Η κατάργηση των συνεργασιών με τις εργολαβικές εταιρίες θα γίνει μόνο με τον δικό μας αγώνα μας και θα ολοκληρωθεί με τις απευθείας προσλήψεις των συναδέλφων μας από την ίδια την Efood. Φωτεινό παράδειγμα αποτελεί η νίκη μας το Σεπτέμβρη του ’21 όταν η εργολαβική, Manpower πήρε πόδι και προσλήφθηκαν 2000 διανομείς με αορίστου χρόνου απευθείας από την Efood. Διεξάγουμε τον ίδιο αγώνα και στο σήμερα, έχουμε ευθύνη και καθήκον προς τους εαυτούς μας, τις οικογένειές μας, τους φίλους μας για μια αξιοπρεπή στάση ζωής. Όλοι μαζί οι διανομείς μια γροθιά θα δώσουμε τη μάχη για σταθερό περιβάλλον εργασίας με δικαιώματα και συλλογική σύμβαση εργασίας. Δε θα αφήσουμε την Efood και τις νέες συνεργασίες της με στολάρχες/εργολάβους να κερδίζουν εις βάρος μας. Καλούμε άπαντες να αναλογιστούν την κρισιμότητα του γεγονότος, να παρατάξουμε τις δυνάμεις μας στις 10/1 στο ΣΕΠΕ Ν.Ιωνίας και με αυτό τον τρόπο να πιέσουμε εταιρία και θεσμούς. "
Διανομείς επί ποδός...,efsyn.gr,2024-12-30,https://www.efsyn.gr/oikonomia/ergasiaka/458216_dianomeis-epi-podos,2026-02-14 17:29:21.690380,"Σε δυναμικές κινητοποιήσεις προχώρησαν την Παρασκευή και το Σάββατο οι διανομείς της efood ζητώντας την υπογραφή συλλογικής σύμβασης εργασίας και την πρόσληψη διανομέων απευθείας από την efood και όχι από εργολάβους. Για τους λεγόμενους freelancer ζήτησαν ελάχιστη αμοιβή ανά ώρα και ασφαλιστική κάλυψη εργατικού ατυχήματος. Το απόγευμα της Παρασκευής οι εργαζόμενοι πραγματοποίησαν μοτοπορεία από το κέντρο της Αθήνας ώς τα γραφεία της εταιρείας στο Νέο Ηράκλειο. Οπως καταγγέλλουν, αντί να συναντηθούν με εκπροσώπους της εργοδοσίας, βρήκαν μπροστά τους ισχυρές αστυνομικές δυνάμεις που τους απαγόρευσαν την είσοδο με αποτέλεσμα να επικρατήσει μικροένταση. Στάση εργασίας και συγκέντρωση πραγματοποίησαν και το Σάββατο στη συμβολή των λεωφόρων Κηφισίας και Αλεξάνδρας. Οπως αναφέρει το Σωματείο των Εργαζόμενων στην e-food: «Στη συνεχή απαξίωση και αλαζονεία της εταιρείας, διεκδικήσαμε την είσοδό μας στα γραφεία ώστε επιτέλους η εταιρεία να σταματήσει να κρύβεται και να δεχτεί τα αιτήματα της απεργίας. Η στάση της ελληνικής αστυνομίας σε ρόλο “ιδιωτικού security” επιβεβαιώνει για άλλη μια φορά με ποιανού το μέρος είναι το κράτος και η κυβέρνηση, που αντί να διασφαλίζει τα δίκαια αιτήματα των διανομέων, κάνει πλάτες στους μεγάλους ομίλους που θησαυρίζουν ακόμα και με παρανομίες που έχουμε επίσημα καταγγείλει στο ΣΕΠΕ και στο Υπουργείο Εργασίας»."
Εκδικητική απόλυση καταγγέλλει καρκινοπαθής πρώην εργαζόμενη στην Efood,efsyn.gr,2024-12-27,https://www.efsyn.gr/oikonomia/ergasiaka/458027_ekdikitiki-apolysi-kataggellei-karkinopathis-proin-ergazomeni-stin-efood,2026-02-14 17:29:21.690380,"Με την24ωρη απεργία των διανομέων της Efoodνα βρίσκεται σε εξέλιξη σήμερα, μια σοβαρή καταγγελία απολυμένης και καρκινοπαθούς εργαζόμενης στην εταιρεία, έρχεται στο φως της δημοσιότητας και αναδεικνύει τα αιτήματα των απεργών. Σύμφωνα με όσα κατήγγειλε η εργαζόμενη, μέσω ανάρτησής της στο Facebook, η απόλυσή της είναι «εκδικητική», καθώς η ίδια συμμετείχε στους απεργιακούς αγώνες για καλύτερες συνθήκες εργασίας. Η απόλυσή της έχει να κάνει με τον στόχο της εταιρείας που είναι η μετατροπή όλων των μισθωτών σε ελεύθερους επαγγελματίες (freelancers), όπως τονίζει. Μάλιστα, η ίδια εξηγεί πως «η efood ξεκίνησε τις απολύσεις των μισθωτών διανομέων ξεκινώντας από τους πιο ευάλωτους. Εγώ είμαι μία από αυτούς», γράφει, προσθέτοντας ότι η εργοδοσία γνώριζε πως είναι καρκινοπαθής. Η εργαζόμενη καταλήγει στην ανάρτησή της πως η μετατροπή των μισθωτών σε freelancers βασίζεται στην επιδίωξη της εταιρείας «να διπλασιάσει τα κέρδη της, να μην έχει καμία ευθύνη σε περίπτωση εργατικού ατυχήματος, να μην πληρώνει δώρα, ένσημα, κ.λπ.». Σήμερα, οι εργαζόμενοι στην efood βρίσκονται σε 24ωρη απεργία, καταγγέλλοντας πως η επιχείρηση «προσπαθεί να βάλει τέλος στα εργασιακά και ασφαλιστικά δικαιώματά» τους, ενώ, για το Σάββατο είναι προγραμματισμένηστάση εργασίαςαπό τις 6μμ έως τις 11μμ. Στο πλαίσιο του σημερινού αγώνα, οι εργαζόμενοι συγκεντρώθηκαν στη συμβολή των οδών Κηφισίας και Αλεξάνδρας, ενώ με δυναμική μοτοπορεία έφτασαν έξω από τα κεντρικά γραφεία της efood."
Καταγγέλλουν και απεργούν οι διανομείς στην Efood,efsyn.gr,2024-12-25,https://www.efsyn.gr/oikonomia/ergasiaka/457900_kataggelloyn-kai-apergoyn-oi-dianomeis-stin-efood,2026-02-14 17:29:21.690380,"Σε νέες, δυναμικέςκινητοποιήσειςπροχωρούν οι εργαζόμενοιδιανομείςτηςΕfood, καταγγέλλοντας πως η επιχείρηση «προσπαθεί να βάλει τέλοςστα εργασιακά και ασφαλιστικά» δικαιώματά τους. Στο πλαίσιο αυτό, καλούν σε 24ωρηαπεργίαγια την ερχόμενη Παρασκευή 27 Δεκεμβρίου και σεστάση εργασίαςτο Σάββατο 28 Δεκεμβρίου, από τις 6 το απόγευμα έως τις 11 το βράδυ. Όπως τονίζουν οι εργαζόμενοι για την Efood, «τα υπέρογκα κέρδη που συσσωρεύει όλα τα χρόνια με την οικονομική της δραστηριότητα προέρχονται από την εργασία και τον κόπο των εργαζομένων της. Με τη στάση και τις πρακτικές της βάζει βόμβα στα θεμέλια της προσπάθειας των εργαζομένων για υπογραφήσυλλογικής σύμβασης εργασίαςκαι εργασιακή ειρήνη. Με τις πρακτικές της αναγκάζει τους διανομείς να περάσουν στουςεργολάβουςόπου οι συνθήκες εργασίας είναι χειρότερες, τα δικαιώματα ανύπαρκτα και η εκμετάλλευση χωρίς όρια. Οι εργολάβοι που συνεργάζονται με την Εfood λειτουργούν ανεξέλεγκτα, χωρίς καμία προστασία των εργαζομένων τους και κρατούν μεγάλο ποσοστό των αμοιβών μας. Αυτό σημαίνει ότι δουλεύουμε περισσότερο και πληρωνόμαστε λιγότερο. Με αυτό τον τρόπο η Εfood βρίσκει τρόπο να κερδίζει περισσότερα εις βάρος των εργαζομένων που χάνουν τα δικαιώματά τους». Σύμφωνα με τους διανομείς, «με τη μονομερή και βλαπτική απόφαση της Εfood, να εξουσιάζει το πρόγραμμα εργασίας μας, μας οδηγεί στους εργολάβους. Με απροκάλυπτη εκδικητικότητα,αυθαίρετες εταιρικές πρακτικές,ανήθικους χειρισμούςκαι αναιτιολόγητο μένος, καταργεί αυτό που επί σειρά ετών αποτελούσε βασικό λόγο για να εργαστεί κάποιος στην εταιρεία και που η ίδια διαφήμιζε ως ελκυστικό προνόμιο. Χωρίς να λάβει υπόψη της τις κοινωνικές ανάγκες, τις οικογενειακές υποχρεώσεις αλλά και την προσωπική αδυναμία κάποιων εργαζομένων να εξυπηρετήσουν τις αυθαίρετες βάρδιες που θα επιλέγει η εταιρεία για λογαριασμό τους, οδηγεί στον αφανισμό την εργασία με δικαιώματα, ανοίγοντας παράλληλα τον δρόμο στους εργολάβους». Σε κάθε περίπτωση, οι εργαζόμενοι υπογραμμίζουν πως «δεν θα αφήσουμε την Εfoodνα καταστρέψει την εργασία με δικαιώματα. Θα αντιδράσουμε με κινητοποιήσεις, προστατεύοντας και μελλοντικά δικαιώματα των free lance συναδέλφων μας»."
Αβέβαιο μέλλον αβίωτο παρόν,efsyn.gr,2026-02-14,https://www.efsyn.gr/diabaste-simera/500872_abebaio-mellon-abioto-paron,2026-02-14 17:29:21.690380,"Οι αγρότες επέστρεψαν Θερμή υποδοχή και μεγάλο συλλαλητήριο στο Σύνταγμα Φτωχές και ακάλυπτες οι υποσχέσεις της κυβέρνησης Αγωνία για τους επόμενους μήνες της σποράς, για την επιβίωσή τους Η Κομισιόν θέλει διπλασιασμό των νέων αγροτών για την ανθεκτικότητα του πρωτογενούς τομέα Η«Εφ.Συν.»συνομίλησε με νέους παραγωγούς, ψάχνοντας την... ανθεκτικότητά τους Βιομηχανία απάτης με Κέντρα Διά Βίου Μάθησης ● Ερχεται πόρισμα-κόλαφος Εξεταστική κουκουλώματος Πώς η «γαλάζια» πλειοψηφία μπάζωσε για ακόμα μία φορά την αλήθεια Ο Αλέξης Χαρίτσης επαναφέρει 140... ξεχασμένoυς ψηφιακούς δίσκους Ψηφιακή ολιγαρχία ● Επτά οικογένειες ελέγχουν τις κορυφαίες σελίδες ενημέρωσης της υπερδύναμης «Εχει φτωχύνει η ανθρώπινη ζωή»  ● Τρόμος και άβατο στην «επιχείρηση-κόσμημα» Τραμπικό «ντιλ» ή αλλαγή καθεστώτος; ● Σενάρια αμερικανικής επέμβασης Τριπλή επίθεση Σε Μητσοτάκη, Στουρνάρα, «Ομάδα Αλήθειας» «Η σεξουαλική βία είναι ένα όργανο αντρικής επιβολής» Το «προστιμολόγιο» καταστρέφει ζωές Ανδρέας Σπυρόπουλος, γραμματέας ΚΠΕ ΠΑΣΟΚ Γιώργος Σιακαντάρης, Συντονιστής ομ. εργασίας ΙνστιτούτοΥ Αλέξη Τσίπρα Nonna Mayer, Γαλλίδα πολιτική επιστήμονας Μιχάλης Τρεμόπουλος, πρώην ευρωβουλευτής, ΠΡΑΣΙΝΟΙ-Οικολογία BAD BUNNY Σκόραρε στο γήπεδο του Τραμπ Ο δικός μας Αριστείδης μένει στις καρδιές μας"
Ο Ζελένσκι θέλει δύο μήνες εκεχειρία και θα πάει σε εκλογές,efsyn.gr,2026-02-14,https://www.efsyn.gr/kosmos/eyropi/500938_o-zelenski-thelei-dyo-mines-ekeheiria-kai-tha-paei-se-ekloges,2026-02-14 17:29:21.690380,"Ηχηρό μήνυμα προς την Ουάσινγκτον έστειλε ο Ζελένσκι από τη Διάσκεψη του Μονάχου σχετικά με τοουκρανικόκαι τα καλέσματα του Λευκοί Οίκου που ακούγονται συχνά - πυκνά, πως ο Ουκρανός πρόεδρος δεν έχει λαϊκή νομιμοποίηση και πως πρέπει να προβεί σε εκλογές. Συγκεκριμένα, ο Ζελένσκι ζήτησε από τον Τραμπ να μεσολαβήσει και να πείσει τον Πούτιν να γίνει μια εκεχειρία τουλάχιστον δύο μηνών και έτσι θα προκηρύξει εκλογές. Παράλληλα, εξέφρασε την ελπίδα ότι οι ειρηνευτικές συνομιλίες με τη διαμεσολάβηση των ΗΠΑ που θα διεξαχθούν την ερχόμενη εβδομάδα στη Γενεύη θα είναι σοβαρές και ουσιαστικές, αλλά εξέφρασε και ανησυχία για το ότι η Ουκρανία καλείται «πολύ συχνά» να κάνει παραχωρήσεις. «Ειλικρινά ευελπιστούμε οι τριμερείς μας συναντήσεις την ερχόμενη εβδομάδα να είναι σοβαρές, ουσιαστικές, να βοηθήσουν όλους μας, αλλά ειλικρινά κάποιες φορές υπάρχει η αίσθηση οι δύο πλευρές μιλάνε για τελείως διαφορετικά πράγματα», δήλωσε ο Ζελένσκι στη διάρκεια ομιλίας του στη Διάσκεψη του Μονάχου για την Ασφάλεια. «Οι Αμερικανοί επιστρέφουν συχνά στο ζήτημα των παραχωρήσεων και πολύ συχνά αυτές οι παραχωρήσεις συζητώνται μόνο ως προς την Ουκρανία, όχι τη Ρωσία», σχολίασε. Ο ίδιος είπε ότι αισθάνεται «ένα βαθμό» πίεσης μετά την έκκληση του προέδρου των ΗΠΑ Ντόναλντ Τραμπ να προχωρήσει με τις ειρηνευτικές συνομιλίες, αλλά είπε ότι είναι σημαντικό να υπάρξουν παραχωρήσεις και από τη Ρωσία. «Δώστε μας δύο μήνες εκεχειρίας και θα πάμε σε εκλογές. Δώστε μας εκεχειρία. Ο πρόεδρος Τραμπ μπορεί να το πράξει: να πιέσει τον τον Πούτιν, να κάνει εκεχειρία. Μετά η βουλή μας θα τροποποιήσει τον νόμο και θα πάμε σε εκλογές», είπε ο Ζελένσκι απαντώντας στις αμερικανικές εκκλήσεις για άμεσες εκλογές. Στη διάρκεια της ομιλίας του ο Ζελένσκι χαρακτήρισε τον Ρώσο ηγέτη Βλαντίμιρ Πούτιν «σκλάβο του πολέμου». Ο Βλαντίμιρ Πούτιν «δεν μπορεί να πείσει τον εαυτό του να εγκαταλείψει την ίδια την ιδέα του πολέμου. Μπορεί να νομίζει ότι είναι τσάρος, αλλά στην πραγματικότητα είναι σκλάβος του πολέμου», υποστήριξε ο Ζελένσκι. Ο πρόεδρος Ζελένσκι εξέφρασε τη λύπη του για τον αργό ρυθμό των πολιτικών αποφάσεων που απαιτούνται για την αντιμετώπιση των ρωσικών επιθέσεων κατά της Ουκρανίας. «Σε αυτόν τον πόλεμο, τα όπλα εξελίσσονται ταχύτερα από τις αποφάσεις που θα έπρεπε να τα σταματήσουν», δήλωσε ο Ζελένσκι στην ομιλία του, τονίζοντας ότι τα ιρανικής κατασκευής μη επανδρωμένα αεροσκάφη Shahed που χρησιμοποιεί η Μόσχα γίνονται ολοένα και πιο θανατηφόρα καθώς η σύγκρουση συνεχίζεται στον πέμπτο χρόνο της."
Ο «χάρτης» πληρωμών έως 20 Φεβρουαρίου από e-ΕΦΚΑ και ΔΥΠΑ,efsyn.gr,2026-02-14,https://www.efsyn.gr/oikonomia/elliniki-oikonomia/500936_o-hartis-pliromon-eos-20-febroyarioy-apo-e-efka-kai-dypa,2026-02-14 17:29:21.690380,"Κατά την περίοδο 16 έως 20 Φεβρουαρίου, θα καταβληθούν συνολικά 81.324.260,83 ευρώ σε 98.522 δικαιούχους, στο πλαίσιο των προγραμματισμένων καταβολών του e-ΕΦΚΑ και της Δημόσιας Υπηρεσίας Απασχόλησης. Ειδικότερα από τον e-ΕΦΚΑ: Από την ΔΥΠΑ θα γίνουν οι εξής καταβολές:"
Συνελήφθη ο ιδιοκτήτης της Βιολάντα,efsyn.gr,2026-02-14,https://www.efsyn.gr/ellada/astynomiko/500934_synelifthi-o-idioktitis-tis-biolanta,2026-02-14 17:29:21.690380,"Στην εκ νέου σύλληψη του ιδιοκτήτης της «Βιολάντα», της επιχείρησης όπου βρήκαν τραγικό θάνατο πέντε εργάτριες μετά από έκρηξη και πυρκαγιά που ξέσπασε σε τμήμα του εργοστασίου, προχώρησαν οι αστυνομικές αρχές. Η νέα εξέλιξη έρχεται μετά τηναναβάθμιση των κατηγοριώναπό την Εισαγγελία Πρωτοδικών Τρικάλων. Υπενθυμίζεται πως οι κακουργηματικές διώξεις αφορούν, πέρα από τον ιδιοκτήτη, τον τεχνικό ασφαλείας αλλά και τον τεχνικό βάρδιας. Η Διεύθυνση Αντιμετώπισης Εγκλημάτων Εμπρησμού έφτασε το απόγευμα του Σαββάτου (14/2) προκειμένου να συλλάβει τον ιδιοκτήτη μετά την αναβάθμιση της κατηγορίας της ανθρωποκτονίας από αμέλεια, σε ενδεχόμενο δόλο έπειτα από τα λάθη που εντοπίστηκαν. Σύμφωνα με πληροφορίες, οι έρευνες αποκάλυψαν πως πριν από πέντε μήνες υπήρξαν έντονες αναφορές για οσμές αερίου, οι οποίες ωστόσο δεν ελέγχθηκαν ποτέ ουσιαστικά. Πηγές αναφέρουν ότι ιδιώτης εμπειρογνώμονας που κλήθηκε να αξιολογήσει την κατάσταση αποχώρησε μετά από οικονομική διαφωνία με τον ιδιοκτήτη, με αποτέλεσμα το πρόβλημα να παραμείνει άλυτο. Επιπλέον, διαπιστώθηκε ότι οι υπογειοποιημένες σωληνώσεις στερούνταν των απαραίτητων πιστοποιήσεων, ενώ οι υπέργειες δεξαμενές είχαν κριθεί ακατάλληλες ήδη από το 2019. Συγκεκριμένα, οι δεξαμενές βρίσκονταν σε απόσταση μόλις 5,4 μέτρων από τα όρια της επιχείρησης, ενώ ο νόμος επιβάλλει ελάχιστη απόσταση 7,5 μέτρων. Παρά τις επισημάνσεις, οι δεξαμενές δεν μετακινήθηκαν, ενώ προκαλεί εντύπωση το γεγονός ότι δεν αποτυπώνονταν σε κανένα επίσημο τοπογραφικό διάγραμμα."
"Habemus κυβέρνηση στις Βρυξέλλες, 615 μέρες μετά τις εκλογές!",efsyn.gr,2026-02-14,https://www.efsyn.gr/kosmos/eyropi/500933_habemus-kybernisi-stis-bryxelles-615-meres-meta-tis-ekloges,2026-02-14 17:29:21.690380,"Ο Μπορίς Ντιγιές (Boris Dilliès), μέχρι χθες Δήμαρχος του Uccle από το κόμμα των Φιλελευθέρων, είναι ο νέος πρωθυπουργός της κυβέρνησης των Βρυξελλών. «Προς έκπληξη όλων», σύμφωνα με τη βελγική εφημερίδα Le Soir. Ύστερα από 615 μέρες, χρόνος ρεκόρ ακόμα και για τους Βέλγους, η περιφέρεια των Βρυξελλών έχει Πρωθυπουργό ως επικεφαλής της κυβέρνησης που συμφώνησαν οι Κεντροδεξιοί, Σοσιαλιστές και Φιλελεύθεροι από τους Γαλλόφωνους και Κεντροδεξιοί, Σοσιαλιστές, Φιλεύθεροι και Πράσινοι των Βρυξελλών. Υπενθυμίζεται ότι η κυβέρνηση αυτή είναι μία από τις 4 που έχει ολόκληρη η χώρα. Ο Ντιγιές δήλωσε «το έμαθα σήμερα το πρωί στις 7 π.μ., τηλεφωνικά. Ήταν έκπληξη, αλλά δεν δίστασα. Δεν πίστευα ότι ο Πρόεδρος (σς. Georges-Louis Bouchez) θα με σκεφτόταν» και πρόσθεσε ότι είναι «μια βαριά ευθύνη, αλλά είναι επίσης τιμή και πρόκληση. Οι περικοπές ενός δισεκατομυρίου, ξέρω ότι θα είναι περίπλοκο θέμα». Για ένα «έμπειρο» προφίλ ικανό να αντισταθεί στον Ahmed Laaouej (επικεφαλής του PS Βρυξελλών) και στενό συνεργάτη της Sophie Wilmes (πρώην Πρωθυπουργού του Βελγίου) κάνει λόγο η La Libre. Ο Ahmed Laaouej (PS) θα είναι Yπουργός Κοινωνικής Δράσης και Αλληλεγγύης, αρμόδιος για τις Τοπικές Αρχές, την Ισότητα και τη Σχολική Υποστήριξη. Θα αναλάβει επίσης τη Συνοχή, τον Πολιτισμό, την Κοινωνική Δράση και τις Διεθνείς Σχέσεις στη COCOF. Η Elke Van den Brandt (Groen) διατηρεί τα χαρτοφυλάκια της Κινητικότητας, των Δημόσιων Έργων, της Οδικής Ασφάλειας και της Ευημερίας των Ζώων. Ο Dirk De Smedt (Anders) παραμένει Yπουργός Οικονομικών και Προϋπολογισμού και θα αναλάβει επίσης τη Δημόσια Διοίκηση και τον Ψηφιακό Μετασχηματισμό. Ο Laurent Hublet (Engagés) θα είναι Yπουργός Οικονομίας, Ψηφιακής Οικονομίας και Απασχόλησης. Η Karine Lalieux (PS) θα είναι Yφυπουργός, αρμόδια για τη Στέγαση, τα Ταξί και τις Αθλητικές Υποδομές. Θα έχει επίσης την ευθύνη για τους Βρεφονηπιακούς Σταθμούς, την Υγεία, τη Δημόσια Διοίκηση και τον Προϋπολογισμό της COCOF. Η Audrey Henry (MR), νυν δήμαρχος Schaerbeek, θα είναι Υφυπουργός Πολεοδομίας, Χωρικής Ανάπτυξης και Δημόσιας Καθαριότητας. Η Ans Persoons (Vooruit) θα αναλάβει Yφυπουργός για το Περιβάλλον, το Κλίμα, την Αστική Ανακαίνιση, τα Μνημεία και τους Χώρους, καθώς και την Εικόνα των Βρυξελλών. Απομένει να επιβεβαιωθεί ποιος, από το MR, θα αναλάβει τον Τουρισμό, την Ενέργεια, την Επιστημονική Έρευνα, τις Εξωτερικές Σχέσεις, τη SIAMU και τα Δικοινοτικά Θέματα. Σημειώνεται ότι, μετά την υπουργοποίηση της Audrey Henry, αναλαμβάνει νέος Δήμαρχος Schaerbeek ο Alexandre Noppe. Eιδική σύνοδος του Κοινοβουλίου των Βρυξελλών πραγματοποιήθηκε σήμερα για την ορκωμοσία των Υπουργών, αρχής γενομένης από τον Πρωθυπουργό, που μετέβη κατόπιν στην κατοικία του Βασιλιά για να ορκιστεί, παρουσία του Αντιπροέδρου της Κυβέρνησης D. Clarinval, λόγω απουσίας του Πρωθυουργού στο εξωτερικό. Η ανάγνωση του Κοινοβουλευτικού Διατάγματος θα πραγματοποιηθεί τη Δευτέρα 23 Φεβρουαρίου λόγω της απουσίας πολλών μελών του Κοινοβουλίου για τις διακοπές του καρναβαλιού (""αυτό είναι εξαιρετικά ασυνήθιστο"", γράφει η Le Soir). Από την πλευρά της αντιπολίτευσης, καταγράφηκαν επιφυλακτικές ή αρνητικές αντιδράσεις. Επικεφαλής των Ecolo -των γαλλόφωνων Πρασίνων- χαιρέτισε την ανακοίνωση της συμφωνίας, αλλά δήλωσε ""θα περιμένω και θα δω. Αν αυτή η κυβέρνηση καταφέρει να συνδυάσει δημοσιονομική υπευθυνότητα, κοινωνική δικαιοσύνη και οικολογική μετάβαση, θα είναι σε θέση να εγκαινιάσει μια νέα εποχή. Αν απλώς καλύψει τα κενά θυσιάζοντας τα ουσιώδη, το μόνο που θα κάνει είναι να αναβάλει τις κρίσεις"". Το N-VA έκανε λόγο για επιστροφή του συνασπισμού Vivaldi και για μια παλαιολιθική μη συμφωνία, στην οποία οδήγησε  ο παλιός φιλελεύθερος-σοσιαλιστικός άξονας, επισημαίνοντας επίσης ότι το κείμενο στερείται συγκεκριμένων μέτρων για την επιβολή τάξης στον προϋπολογισμό (""είναι πραγματικά ντροπή""). Το PTB, από την πλευρά του, καταγγέλλει ""μια κυβέρνηση λιτότητας"", ενώ το Défi δήλωσε ότι θα συμμετάσχει σε εποικοδομητική αντιπολίτευση, απαιτώντας από την κυβέρνηση των Βρυξελλών να δώσει προτεραιότητα στην δημοσιονομική ισορροπία έως το 2029. Τέλος, η ομάδα Fouad Ahidar περιέγραψε τον νέο συνασπισμό ως ""συνασπισμό των ηττημένων"" και διερωτήθηκε για την αλλαγή γνώμης του Anders."
Ποιητικές τροχιές της μνήμης και της Ιστορίας,efsyn.gr,2026-02-14,https://www.efsyn.gr/nisides/anoihto-biblio/500844_poiitikes-trohies-tis-mnimis-kai-tis-istorias,2026-02-14 17:29:21.690380,"Πρόκειται για δεκατέσσερα ποιήματα, διακριτής ειδολογικής ταυτότητας, υποδειγματικά πολιτογραφημένα στη γλώσσα μας από τον διακεκριμένο ποιητή και, ως γνωστόν, πολύπειρο, ευρηματικό μεταφραστή Νάσο Βαγενά. Ανήκουν στη συλλογή, η οποία φέρει τον εμφανώς βιβλικό και δη καινοδιαθηκικό τίτλο With Signs Following, Two Rivers Press, 2024, του ομότιμου καθηγητή της Νεοελληνικής και Συγκριτικής Φιλολογίας Ντέιβιντ Ρικς (γενν. 1959). Τόσο ο ιδιαίτερα κατατοπιστικός, εξασέλιδος πρόλογος, όσο και οι καθόλα χρηστικές σημειώσεις υποστηρίζουν ενεργά την πληρέστερη πρόσληψη του πολύσημου, σαφώς αισθητικά αποκρυσταλλωμένου, εμφανώς γλωσσικά προωθημένου αυτού έργου. Μετά τους πειραματισμούς του μοντερνισμού και των συμπαρομαρτούντων, μετά τις παλινδρομήσεις στο πεδίο του στιχικού δράματος, η εξέλιξη της ποιητικής λειτουργίας προσφέρει εμπεδώσεις στον χώρο των ιδιαίτερα απαιτητικών εφαρμογών, όπως είναι η προκείμενη λεκτική κατάθεση αισθητικών προσαρμογών. Στα κύρια χαρακτηριστικά της γνωρίσματα, μεταξύ άλλων, συγκαταλέγονται: α) η πρόσφορη αξιοποίηση επίλεκτων μορφολογικών τρόπων, όπως είναι φέρ’ ειπείν οι όροι και οι επιβεβλημένες συνθήκες της καταστατικής ποιητικής προσωδίας, β) η οριακή πύκνωση του εκάστοτε νοήματος, γ) η επαρκώς προγραμματισμένη δράση των ιδιωτικών συμβόλων ως κατεξοχήν προσοντούχων φορέων του μηνύματος, δ) η λυσιτελής, ευφυώς στρατευμένη ρηματική παρέμβαση ως να ήταν ο αναγκαίος, ο βασικός συντελεστής μιας ριζικής διάψευσης, ε) η επιμελής συγκλήρωση καθοριστικών ιδεοτύπων, στ) η προβολή ορισμένων πτυχών της αποχαλίνωσης ενός εν πολλοίς βέβηλου κόσμου, όπως π.χ. είναι οι περιώνυμες «εθνοκαθάρσεις», ζ) η ωφελιμιστική επεξήγηση του ποιητικού διαβήματος, η) οι διαδοχικές εμφανίσεις ενός εμμενούς, λεκτικά αυτοελεγχόμενου συναισθηματικού υλικού, θ) ο διάχυτος ηθικός προοπτικισμός, ι) οι συχνά πυκνά απρόοπτες καταλήξεις αναστοχαστικών αφορμών, ια) η συντονισμένη παρεμβολή συναρπαστικών συνδηλώσεων, ιβ) η συστηματική αναγωγή από τον ατομικό χωροχρόνο σ’ εκείνο των πολλών, ιγ) η υπογράμμιση της επαπειλούμενης γενικής φθοράς των όντων, ιδ) η αποτύπωση της όποιας δεδομένης υφής του πραγματικού σε ισότιμη πάντα βάση με το αναπόφευκτο, αντιστικτικό φαντασιακό, ιε) η εμφανής προαγωγή της απαραίτητης δυνατότητας πολλαπλών διερμηνειών ενός και μόνο γεγονότος σε καθαρά, οίκοθεν νοείται, νιτσεϊκό πλαίσιο τακτικής, ιστ) η έμμεση πλην σαφής υπεράσπιση της ενδεχόμενης ενότητας του παντός, ιζ) η σταδιακή ανακύκληση σημαδιακών ιστορικών περιστατικών από τη διεθνή σκηνή, συμπεριλαμβανομένων ορισμένων μάλιστα που αφορούν τον ρωσικό Εμφύλιο μετά το 1917, ιη) η πλήρης αξιοποίηση του ποιητικού χρονότοπου, ιθ) η ενδελεχής συναίρεση του συγκινησιακού εκθέματος με τη συντονισμένη αρωγή των συλλαβικών συνταγμάτων και κ) η επαναδιαπραγμάτευση των μέτρων και των σταθμών του νεωτερικού δημιουργικού ιδιώματος. Μεταφράζοντας από μια γλώσσα, όπως είναι η προκείμενη αγγλική, κατά τα ήμισυ τουλάχιστον γαλλική, η οποία, μεταξύ άλλων, δεν έχει αποφασίσει ώς τις μέρες μας να υιοθετήσει κάποια άρθρα για τα γένη των ουσιαστικών της, αρκούμενη σε ένα όντως παιδιάστικο τραύλισμα the- the- the κοκ, είναι επόμενο να απαιτείται η πλήρης ετοιμότητα του εκασταχού εκάστοτε μεταφραστή. Από την πρώτη κιόλας απόπειρα. Οι δυσκολίες εν ολίγοις είναι πολλών ειδών. Οι θανάσιμοι αγγλισμοί φέρ’ ειπείν συνιστούν τις συνήθεις ναρκοθετήσεις, που είναι έτοιμες ανά πάσα στιγμή να ξετινάξουν το μεταφραστικό προϊόν. Συγκρατώ επίσης ότι «οι λέξεις δεν έχουν την πραγματικότητα που εκφράζουν εφ’ όσον είναι ξένες στην πραγματικότητα των πραγμάτων, στο φυσικό πραγματικό βάθος, αφού ανήκουν στην πλαστή πραγματικότητα, δηλαδή στον κόσμο των ανθρώπων, που έχει αποσπαστεί από το Είναι κι έχει γίνει εργαλείο στα χέρια των ανθρώπων[…]Δεν υπάρχει όμως τίποτα πιο ξένο για το δέντρο από τη λέξη δέντρο, όπως τη μεταχειρίζεται η καθημερινή γλώσσα. Είναι μια λέξη που δεν ονομάζει, δεν παριστάνει τίποτα, δεν σώζεται μέσα της τίποτα, δεν είναι καν λέξη αφού, μόλις χρησιμοποιείται, εξαφανίζεται, ως εκ θαύματος» (βλ. Μορίς Μπλανσό, Ο χώρος της λογοτεχνίας, Εκδόσεις Εξάντας, 1994). Λαμβάνοντας υπ’ όψιν τα παραπάνω, αντιλαμβάνομαι ότι κατ’ ανάγκην ο μεταφραστής ακόμη μια φορά πέρασε κυριολεκτικά ανάμεσα από τη Σκύλλα της καταπάτησης του έργου-ινδάλματός του και τη Χάρυβδη της ανενδοίαστης, της απροκάλυπτης παραποίησής του, επικαλούμενος καθ’ οδόν καθαρά υποκειμενικά κριτήρια. Κοντολογίς, αυτό που εντέλει μας προσφέρει σήμερα αλώβητος ο Νάσος Βαγενάς φρονώ ότι όντως συνιστά μια συναρπαστική και άλλο τόσο ακριβοδίκαιη, σεβαστική και παραγωγική διαχείριση των Σημείων των καιρών. Ξεπέρασε, εκτός των άλλων, όλους τους υφάλους της ψευδοπιστής απόδοσης αλλά και τις παγίδες της εγωτικής, ολικής ή μερικής «ανακαίνισης» του δοσμένου πρωτοτύπου. "
Διεργασίες για την κεντροαριστερά στην ημερίδα της Μυτιλήνης,efsyn.gr,2026-02-14,https://www.efsyn.gr/politiki/antipoliteysi/500929_diergasies-gia-tin-kentroaristera-stin-imerida-tis-mytilinis,2026-02-14 17:29:21.690380,"Άμεση ήταν η απάντηση του προέδρου του ΣΥΡΙΖΑ-ΠΣ,Σωκράτη Φάμελλου, στην πρόταση του δημάρχου Αθηναίων,Χάρη Δούκα, για μία «προγραμματική συμφωνία, αποτέλεσμα προγραμματικού διαλόγου, με στόχο την εναλλακτική πρόταση προοδευτικής διακυβέρνησης». Προσερχόμενος στην ημερίδα με θέμα «Νησιωτικότητα και Εθνική Αναπτυξιακή Στρατηγική-Ανθρώπινη ανάπτυξη, κοινωνική ευημερία και διακυβέρνηση στη νησιωτική Ελλάδα», η οποία πραγματοποιείται από το πρωί σήμερα, Σάββατο 14 Φεβρουαρίου, στη Μυτιλήνη, ο Σ. Φάμελλος ανέφερε πως «αντί να συζητάμε για το τι χρειάζονται τα νησιά, για το πώς θα έχουμε δασκάλους, για το πώς θα έχουμε υποδομές, νερό, πρωτογενές ποιοτικό προϊόν, συζητάμε για ""Χασάπηδες"", για ""Φραπέδες"" και για σκάνδαλα. Σύμφωνα με το ίδιο, «αυτή η πολιτική κρίση απαιτεί απάντηση από την προοδευτική παράταξη. Χρειάζεται μια προοδευτική διέξοδος στις επόμενες εκλογές. Η μεγάλη ευκαιρία που μας δίνεται σήμερα είναι ότι μπορούμε να κάνουμε μια συζήτηση σε επίπεδο αρχηγών προοδευτικών κομμάτων, ώστε να μπορέσουμε να διαμορφώσουμε την προγραμματική βάση για να υπάρχει μία ενιαία προοδευτική απάντηση. »Αυτή η κυβέρνηση πρέπει να φύγει το συντομότερο. Τα νησιά πληρώνουν ακριβό τίμημα εξαιτίας μιας συντηρητικής, διεφθαρμένης και επικίνδυνης κυβέρνησης. απάντηση πρέπει να έρθει από τον προοδευτικό χώρο. Μόνο αν είμαστε όλοι ενωμένοι στον προοδευτικό χώρο μπορούμε να δώσουμε μια απάντηση που δίνει κυβέρνηση». «Συμφωνούμε να δουλέψουμε μαζί για προγραμματικές προτάσεις και στη συνταγματική αναθεώρηση για τη νησιωτικότητα και την αυτοδιοίκηση.» Και πρόσθεσε ότι υπάρχουν και άλλα θέματα όπως της διοίκησης και της ανάπτυξης», ανέφερε ο πρόεδρος του ΣΥΡΙΖΑ. Στο ίδιο κλίμα, ηομιλία τουΑλέξη Χαρίτσηστην ημερίδαανέδειξε πως «η πολιτική σύγκλιση προϋποθέτει προγραμματική σύγκλιση». Τόνισε ότι η νησιωτικότητα «θα μπορούσε να αποτελέσει και την αφορμή και το εφαλτήριο ακριβώς για να υπάρξει μια πιο ουσιαστική και σε βάθος συζήτηση και συνδιαμόρφωση προτάσεων από τις δυνάμεις της αριστερής και προοδευτικής αντιπολίτευσης». «Είναι σημαντικό να ασκηθεί πίεση σήμερα. Να υπάρξει πολιτική αλλαγή στο σήμερα και όχι σε κάποιο απώτατο, απροσδιόριστο μέλλον», πρόσθεσε ο πρόεδρος της Νέας Αριστεράς."
Reuters: Οι ΗΠΑ ετοιμάζονται για πολύμηνες επιδρομές στο Ιράν,efsyn.gr,2026-02-14,https://www.efsyn.gr/kosmos/mesi-anatoli/500928_reuters-oi-ipa-etoimazontai-gia-polymines-epidromes-sto-iran,2026-02-14 17:29:21.690380,"Ανησυχητικές εξελίξεις στην πολύπαθη Μέση Ανατολή και αναζωπύρωση των σεναρίων για αμερικανική επέμβαση κατά του Ιράν. Αποκαλυπτικό δημοσίευμα του Reuters περιγράφει την προετοιμασία των αμερικανικών δυνάμεων στην περιοχή και το σχέδιο για πολλαπλά χτυπήματα διαρκείας εάν δεν επιτευχθεί διπλωματική λύση. Χθες, ο Ντόναλντ Τραμπ επιβεβαίωσε πως ένα δεύτερο αεροπλανοφόρο θα αποπλεύσει «πολύ σύντομα» για την περιοχή, ενισχύοντας σημαντικά τις ήδη ισχυρές στρατιωτικές δυνάμεις. Προστίθενται τώρα χιλιάδες στρατιώτες μαζί με μαχητικά αεροσκάφη, αντιτορπιλικά με κατευθυνόμενους πυραύλους και άλλα πυρομαχικά - ικανά να εξαπολύσουν επιθέσεις. Υπενθυμίζεται πως, πέρυσι, οι ΗΠΑ είχαν στείλει δύο αεροπλανοφόρα στην περιοχή και προχώρησαν στην επιχείρηση «Midnight Hammer», πλήττοντας ιρανικές πυρηνικές εγκαταστάσεις. Σε μια παρατεταμένη πολεμική εκστρατεία, ο αμερικανικός στρατός θα μπορούσε να χτυπήσει ιρανικές κρατικές εγκαταστάσεις και εγκαταστάσεις ασφαλείας, όχι μόνο πυρηνικές υποδομές, δήλωσε ένας από τους αξιωματούχους. Οι ειδικοί λένε ότι οι κίνδυνοι για τις αμερικανικές δυνάμεις θα ήταν πολύ μεγαλύτεροι σε μια τέτοια επιχείρηση εναντίον του Ιράν, το οποίο διαθέτει ένα τρομερό οπλοστάσιο πυραύλων. Το Ιράν έχει τονίσει ότι θα απαντήσει με σφοδρότητα σε οποιαδήποτε επίθεση και έχει προειδοποιήσει τις γειτονικές αραβικές χώρες του Κόλπου που φιλοξενούν αμερικανικές βάσεις ότι θα μπορούσαν να βρεθούν στο στόχαστρο αν εμπλακούν σε επίθεση. Χθες, ο Τραμπ παραδέχθηκε ότι «είναι δύσκολο να επιτευχθεί συμφωνία» με το Ιράν, προσθέτοντας πως «μερικές φορές χρειάζεται φόβος» για να υπάρξει αποτέλεσμα. Σημειώνεται πως οι ΗΠΑ διατηρούν στρατιωτικές βάσεις σε Ιορδανία, Κουβέιτ, Σαουδική Αραβία, Κατάρ, Μπαχρέιν, Ηνωμένα Αραβικά Εμιράτα και Τουρκία. «Μείνετε εκτός εναέριου χώρου του Ιράν» Άλλο ένα στοιχείο που εντείνει τις ανησυχίες είναι πως ηΕυρωπαϊκή Υπηρεσία Ασφάλειας της Αεροπορίαςσυνέστησε στις αεροπορικές εταιρείες να παραμείνουν εκτός του εναέριου χώρου του Ιράν έως τις 31 Μαρτίου, επεκτείνοντας χρονικά προηγούμενη αντίστοιχη προειδοποίηση. «Η παρουσία και η πιθανή χρήση ενός ευρέος φάσματος όπλων και συστημάτων αεροπορικής άμυνας, σε συνδυασμό με απρόβλεπτες αντιδράσεις του κράτους  δημιουργεί υψηλό κίνδυνο για τις πολιτικές πτήσεις που πραγματοποιούνται σε όλα τα ύψη και επίπεδα πτήσης», ανέφερε η Ευρωπαϊκή Υπηρεσία Ασφάλειας της Αεροπορίας σε δελτίο τύπου."
Η Πανεπιστημίου στο πέρασμα του χρόνου,efsyn.gr,2026-02-14,https://www.efsyn.gr/nisides/anoihto-biblio/500847_i-panepistimioy-sto-perasma-toy-hronoy,2026-02-14 17:29:21.690380,"Πρόκειται για τον «πιο πολυσήμαντο δρόμο της Αθήνας», όπως δηλώνουν εξαρχής οι συγγραφείς, και έχουν απόλυτο δίκαιο. Πράγματι, ο άξονας της Πανεπιστημίου ήταν πάντα ο αδιαφιλονίκητος κυρίαρχος της αστικής ζωής στην Αθήνα. Η ενασχόληση των συγγραφέων μαζί της οφείλεται, συνεχίζουν, στην αγάπη τους «για την πόλη» και συμπληρώνουν, στην «ανάγκη να περπατήσου(ν) και πάλι» την Πανεπιστημίου «με νέα εφόδια». Η εμπειρία τους είναι αδιαμφισβήτητη όπως δείχνουν τα προηγούμενα βιβλία τους, όλα πάνω σε παρόμοια θέματα και με τον ίδιο εκδότη. Ιστορία, λογοτεχνία και Τύπος προσφέρουν κάθε φορά ένα πλούσιο κοίτασμα πληροφοριών και γεγονότων για ανασκαφή που επιτρέπει ένα τέτοιο φανταστικό «περπάτημα» του δρόμου πάνω-κάτω κατά μήκος του και μπρος-πίσω στον χρόνο. Και άλλοι φυσικά έχουν ασχοληθεί με ανάλογες αναδρομές στο αθηναϊκό παρελθόν, αξιοποιώντας ήδη από τα τέλη του 19ου αιώνα ανάλογες πηγές πληροφόρησης. Οι άλλοτε τυπικοί αθηναιολάτρες, φιλίστοροι δημοσιογράφοι ή ερασιτέχνες κατέθεταν κατά καιρούς διάφορες αφηγήσεις για το παρελθόν της σύγχρονης Αθήνας με έντονα νοσταλγικό περιεχόμενο, συχνά παραλείποντας τις πηγές τους. Πλησιάζοντας όμως σε πιο πρόσφατες εποχές, οι διηγήσεις αυτές έγιναν με τον καιρό πιο ακριβείς και συστηματικές, άρα φανερά πιο χρήσιμες σε όποιον αναγνώστη θα ήθελε να εντρυφήσει σε τέτοια ζητήματα. Το υλικό του ογκώδους αυτού βιβλίου έχει χωριστεί σε 8 κεφάλαια. Το πρώτο, με τίτλο «Το Βουλεβάριον (οδός Πανεπιστημίου)», αναφέρεται γενικά στον άξονα του δρόμου διαχρονικά, ξεκινώντας από τη γένεσή του, ενώ τα υπόλοιπα επτά καταπιάνονται το κάθε ένα χωριστά με επιμέρους τμήματα της Πανεπιστημίου, βαδίζοντας από το Σύνταγμα προς την Ομόνοια. Κάθε επιμέρους αναφορά δηλώνεται με πανομοιότυπο τρόπο, κάθε φορά κάνοντας μια ευχερή διάκριση ανάμεσα σε «ιστορία», δηλαδή στη σύντομη αναφορά στο ιστορικό υπόβαθρο ή στο περιεχόμενο, η οποία προηγείται (με όρθια γραφή), σε παράθεμα (το τσιτάτο με πλάγια) και σε συντομογραφική αναφορά της πηγής προέλευσης (πάλι όρθια). Στο τέλος κάθε κεφαλαίου παρατίθενται οι «σημειώσεις» (αυτή τη φορά με πλήρη αναφορά των πηγών). Ιδιαίτερη αναφορά πρέπει να γίνει στην παρεμβολή άφθονων αγκυλών σε τίτλους (με ή χωρίς κεφαλαία) στο βιβλίο, διαφωτίζοντας τον αναγνώστη για ποιο πράγμα πρόκειται κάθε φορά. Μπήκαμε σε αυτές τις λεπτομέρειες, που μπορεί κάποιοι να θεωρήσουν σχολαστικές, επειδή έχει τεράστια σημασία σε τέτοιες εκδόσεις να επισημανθεί με σαφήνεια ποιο είναι το κείμενο που ανθολογείται, ποια η πηγή του και ποιο το σχόλιο που το εισάγει και το επεξηγεί. Οταν αυτά μπερδεύονται, ανάλογα συγχέεται τι είναι αυθεντικό και τι σύγχρονο επεξηγηματικό σχόλιο σε κάθε περίσταση. Επειδή μάλιστα η ποικιλία των πηγών είναι μεγάλη, ανάλογα δύσκολη είναι και η τήρηση ενιαίου κανόνα, ιδίως όταν πρόκειται για αρθρογραφία στον Τύπο. Εφαρμόζοντας μια τέτοια τάξη τελικά, οι συγγραφείς έχουν αδήριτα επέμβει στα αυθεντικά παραθέματα, όχι σε αυτά τα ίδια αλλά στην ερμηνεία τους. Η μίμηση του ύφους ενός κειμένου ώστε να προκύψει ένας (σύγχρονος) τίτλος αποτελεί μια αλλοίωση, όπως το βλέπουμε με τίτλους σε κεφαλαία, άλλους εντός εισαγωγικών και άλλους σε αγκύλες στο βιβλίο. Δεν θεωρούμε ελάττωμα μια τέτοια επεξεργασία – αντίθετα, εκτιμούμε τη χρησιμότητά της. Πολλές φορές, τα κείμενα που ανθολογούνται είναι ακατανόητα χωρίς αυτές τις εντελώς απαραίτητες εξηγήσεις που τα καθιστούν εύληπτα στον σημερινό αναγνώστη. Αντίθετα, αυτές οι παρεμβάσεις είναι κομμάτι της γοητείας μιας τέτοιας ανθολογίας, μετατρέποντάς την σε κάτι προσιτό και εύχρηστο. Ομως ηΟδός Πανεπιστημίουκρύβει μια πρόσθετη έκπληξη για τον αναγνώστη. Αν η καθαυτό ανθολογία καλύπτει τις 700 αρχικές σελίδες του βιβλίου, εκείνο που ακολουθεί για 60 πρόσθετες σελίδες είναι το τμήμα «Σαν Επίλογος» όπου δημοσιεύονται κείμενα σύγχρονα από 31 προσκεκλημένους συγγραφείς για την Πανεπιστημίου, «χρωματισμένη, παλλόμενη, καλειδοσκοπική, παρούσα σήμερα όπως και χθες». Μια τέτοια «πολυφωνική κατακλείδα του βιβλίου» είναι ευπρόσδεκτη γιατί δείχνει την παρουσία του δρόμου στο αθηναϊκό παρόν που μοιραζόμαστε καθημερινά. Τέλος, κλείνοντας ας επαινέσουμε την έκδοση για την παροχή βιβλιογραφίας και ευρετηρίου στο τέλος, δύο απαραίτητα εργαλεία για όποιον θελήσει να αναζητήσει πρόσθετες πληροφορίες."
Ο Χαρίτσης για τις πολιτικές συγκλίσεις,efsyn.gr,2026-02-14,https://www.efsyn.gr/politiki/antipoliteysi/500922_o-haritsis-gia-tis-politikes-sygkliseis,2026-02-14 17:29:21.690380,"Στην ημερίδα «Νησιωτικότητα και Εθνική Αναπτυξιακή Στρατηγική – Ανθρώπινη Ανάπτυξη, Κοινωνική Ευημερία και Διακυβέρνηση στη Νησιωτική Ελλάδα» που πραγματοποιήθηκε στη Λέσβο, συμμετείχε σήμερα ο πρόεδρος της Νέας Αριστεράς, Αλέξης Χαρίτσης. «Η πολιτική σύγκλιση προϋποθέτει προγραμματική σύγκλιση» Ξεκινώντας την ομιλία του, ανέφερε ότι το ζήτημα της πολιτικής σύγκλισης, το ζήτημα των συνεργασιών, είναι ένα ζήτημα που δεν μπορεί να μένει μόνο σε ένα επίπεδο γενικής πολιτικής εκφώνησης, αλλά πρέπει ακριβώς - και έχει ως προϋπόθεση την προγραμματική σύγκλιση. Στη συνέχεια σημείωσε ότι η νησιωτικότητα «θα μπορούσε να αποτελέσει και την αφορμή και το εφαλτήριο ακριβώς για να υπάρξει μια πιο ουσιαστική και σε βάθος συζήτηση και συνδιαμόρφωση προτάσεων από τις δυνάμεις της αριστερής και προοδευτικής αντιπολίτευσης». «Η νησιωτικότητα δεν είναι ουδέτερη, έχει πολιτικό πρόσημο» Ο κ. Χαρίτσης τόνισε ότι οι δημόσιες πολιτικές «έχουν πολιτικό πρόσημο» και ξεκαθάρισε: «Η νησιωτικότητα, όπως και όλες οι κεντρικές δημόσιες πολιτικές, έχουν πολιτικό πρόσημο. Δεν είναι ουδέτερες». Αναφερόμενος στην κυβέρνηση της ΝΔ, σημείωσε: «Η κυβέρνηση της Νέας Δημοκρατίας δεν είναι ότι δεν έχει σχέδιο. Έχει σχέδιο. Το εφαρμόζει με πολύ μεγάλη συνέπεια. Και στο πεδίο της νησιωτικότητας είναι ένα σχέδιο καταστροφικό». «Όταν συζητάμε για μια διαφορετική πολιτική για τη νησιωτικότητα από τη σκοπιά των συμφερόντων της κοινωνικής πλειοψηφίας, ναι, μιλάμε και για την πολιτική αλλαγή που είναι απαραίτητη για να υλοποιηθεί», είπε. Αναφορά στον Νεκτάριο Σαντορινιό Ο πρόεδρος της Νέας Αριστεράς έκανε ιδιαίτερη αναφορά στον Νεκτάριο Σαντορινιό  και σημείωσε: «Όταν μιλάμε για νησιωτικότητα το μυαλό μου δεν μπορεί να μην πάει σε έναν άνθρωπο, έναν πολύτιμο σύντροφο που δεν είναι πια μαζί μας: τον Νεκτάριο Σαντορινιό», υπογραμμίζοντας ότι «υπηρέτησε τη νησιωτικότητα με πίστη και πάθος». «Η νησιωτικότητα παραμένει κυρίως θεωρητικός όρος» Ο κ. Χαρίτσης τόνισε ότι, «παρότι κατοχυρωμένη στις ευρωπαϊκές Συνθήκες και στο ελληνικό Σύνταγμα», η νησιωτικότητα «μέχρι σήμερα παραμένει δυστυχώς ένας θεωρητικός κυρίως όρος». Όπως ανέφερε χαρακτηριστικά: «Πολλά λέγονται, λίγα γίνονται – κι αυτά τα λίγα που γίνονται, γίνονται αποσπασματικά». Σημείωσε ότι τα νησιά «δεν έχουν απλώς κάποιες ιδιαιτερότητες», αλλά «ζουν με μόνιμους περιορισμούς», όπως μικρή αγορά και κλίμακα, ακριβά μεταφορικά, δύσκολη πρόσβαση σε υπηρεσίες, υψηλό κόστος ζωής και παραγωγής και έντονη εποχικότητα. «Αυτά δεν είναι συγκυριακά. Είναι δομικά», υπογράμμισε. Και πρόσθεσε: «Όταν έχεις δομικά μειονεκτήματα, δεν μπορείς να εφαρμόζεις γενικές πολιτικές, σαν να είμαστε όλοι στο ίδιο σημείο του χάρτη. Γιατί τότε οι ανισότητες παγιώνονται». Για τον λόγο αυτό, ξεκαθάρισε: «Η νησιωτικότητα δεν θέλει ειδικά μέτρα. Θέλει μόνιμη εθνική στρατηγική». «Δεν είναι όλα τα νησιά ίδια» Ο Πρόεδρος της Νέας Αριστεράς επισήμανε, επίσης, ότι «κάνουμε ένα λάθος όταν μιλάμε για τα νησιά λες και είναι ένα ενιαίο πράγμα. Δεν είναι». Άλλο μεγάλο νησί, άλλο μεσαίο, άλλο μικρό που «παλεύει απλώς να μη σβήσει». Όπως είπε, «η εσωτερική τυπολόγηση των νησιών δεν είναι τεχνική λεπτομέρεια. Είναι προϋπόθεση δικαιοσύνης». Υπερτουρισμός και κοινωνικές πιέσεις Αναφερόμενος στον τουρισμό, σημείωσε ότι «επικράτησε η εύκολη απάντηση για την άρση του δομικού μειονεκτήματος: ανεξέλεγκτος τουρισμός ως υποκατάστατο στρατηγικής». Μίλησε για «οριακά συστήματα τους θερινούς μήνες», για υποδομές «που φτιάχνονται για τον επισκέπτη, όχι για τον κάτοικο» και για τον «υπερτουρισμό ως κοινωνικό πρόβλημα». Κλιματική κρίση: «Η ευαλωτότητα στα νησιά είναι υπαρξιακή» Ιδιαίτερη έμφαση έδωσε στην κλιματική κρίση, επισημαίνοντας ότι τα νησιά είναι «πιο ευάλωτα και πιο εκτεθειμένα». Όπως ανέφερε: «Η ευαλωτότητα στα νησιά δεν είναι αφηρημένη έννοια. Είναι υπαρξιακή». Και τόνισε: «Η κλιματική ανθεκτικότητα δεν είναι μόνο περιβαλλοντική πολιτική: είναι βασική αναπτυξιακή και κοινωνική πολιτική. Αυτό ισχύει παντού, αλλά στα νησιά ακόμα περισσότερο». Ρήτρα νησιωτικότητας και δίκαιες πολιτικές Ως θεσμική τομή, πρότεινε «η νησιωτικότητα να γίνει μόνιμο φίλτρο σε κάθε νόμο και σε κάθε δημόσια πολιτική».«Κάθε απόφαση του Κράτους να περνά υποχρεωτικά από το ερώτημα: πώς επηρεάζει ένα νησί; δημιουργεί ανισότητα; αυξάνει κόστος; περιορίζει πρόσβαση; Αν ναι, να προσαρμόζεται», υπογράμμισε προσθέτοντας ότι «αυτό θα έκανε πράξη τη ρήτρα νησιωτικότητας. Μια θεσμική ομπρέλα ισότητας πάνω από όλες τις πολιτικές». Μεταφορικό Ισοδύναμο και Ειδικό Αναπτυξιακό Πρόγραμμα Ο κ. Χαρίτσης υπενθύμισε ότι κατά τη θητεία του στο Υπουργείο Οικονομίας θεσπίστηκε και χρηματοδοτήθηκε - και μάλιστα σε δύσκολους καιρούς δημοσιονομικής στενότητας -  όχι μόνο το γνωστό σε όλους πλέον Μεταφορικό Ισοδύναμο αλλά και το Ειδικό Αναπτυξιακό Πρόγραμμα για το Βόρειο Αιγαίο».Για το Μεταφορικό Ισοδύναμο, υπογράμμισε ότι στόχος ήταν «να μην πληρώνει ο νησιώτης το τίμημα της γεωγραφίας του». «Η στρατηγική δεν εφαρμόζεται από την Αθήνα. Εφαρμόζεται στον τόπο» Κλείνοντας, αφού μίλησε για την ανάγκη ύπαρξης ενός μόνιμου μηχανισμού τόνισε ότι «η στρατηγική δεν εφαρμόζεται από την Αθήνα. Εφαρμόζεται στον τόπο», με ουσιαστικό ρόλο της τοπικής αυτοδιοίκησης και των τοπικών κοινωνιών «Κάθε νησιωτικό σχέδιο να έχει πολυετή χρηματοδότηση δεσμευμένη από την αρχή. Αυτό είναι που κάνει μια στρατηγική βιώσιμη», κατέληξε."
Αμερικανικές επιδρομές κατά στόχων του ISIS στη Συρία,efsyn.gr,2026-02-14,https://www.efsyn.gr/kosmos/mesi-anatoli/500919_amerikanikes-epidromes-kata-stohon-toy-isis-sti-syria,2026-02-14 17:29:21.690380,"Ο αμερικανικός στρατός ανακοίνωσε σήμερα, Σάββατο, ότι έπληξε υποδομές και αποθήκες όπλων του ISIS με πυρομαχικά στη Συρία,  χρησιμοποιώντας αεροσκάφη σταθερής πτέρυγας και μη επανδρωμένα αεροσκάφη. Ο αμερικανικός στρατός ανέφερε ειδικότερα πως πραγματοποίησε συνολικά δέκα επιδρομές εναντίον περισσότερων από 30 στόχων του ISIS, από τις 3 έως τις 12 Φεβρουαρίου. «Περισσότεροι από 50 τρομοκράτες του ISIS έχουν σκοτωθεί ή συλληφθεί και πάνω από 100 στόχοι υποδομών του ISIS έχουν πληγεί με εκατοντάδες πυρομαχικά ακριβείας κατά τη διάρκεια δύο μηνών», αναφέρει ο αμερικανικός στρατός."
Έκρηξη οργής από Σακελλαρίδη για την συνέντευξη Στουρνάρα στην «Ομάδα Αλήθειας»,efsyn.gr,2026-02-13,https://www.efsyn.gr/politiki/antipoliteysi/500840_ekrixi-orgis-apo-sakellaridi-gia-tin-synenteyxi-stoyrnara-stin-omada,2026-02-14 17:29:21.690380,"Ντόμινοαντιδράσεωνέχει προκαλέσει η συνέντευξη του διοικητή της Τράπεζας τη Ελλάδας, Γιάννη Στουρνάρα, στον προπαγανδιστικό βραχίονα της Νέας Δημοκρατίας, «Ομάδα Αλήθειας». Αυτή τη φορά με ανάρτησή του στα μέσα κοινωνικής δικτύωσης, ο γραμματέας της Νέας Αριστεράς, Γαβριήλ Σακελλαρίδης, εξέφρασε την οργή του για την εν λόγω συνέντευξη, η οποία όπως είπε θα μνημονευθεί όχι για το περιεχόμενο αλλά για το που επέλεξε να πει ότι ήταν να πει. Ο κ. Σακελλαρίδης αναφέρει πως ο κ. Στουρνάρας με αυτή του την επιλογή γνώριζε ότι γελοιοποιείται και εκτίθεται. Τέλος σημειώνει ότι «ο Γ. Στουρνάρας είναι γνωστό, από την πρώτη του μέρα στη διοίκηση της ΤτΕ, ότι δεν είναι ανεξάρτητος. Σήμερα μας λέει κατάμουτρα - με τον τρόπο του και τους συμβολισμούς που επιλέγει- ότι η εποπτεία του τραπεζικού συστήματος γίνεται στο όνομα του Κ. Μητσοτάκη και του ρυπαρού συστήματος του. Οχι ότι δεν το ξέραμε, αλλά είναι αλλιώς να σου το λένε έτσι ευθέως.». "
Οργισμένη αντίδραση Κωνσταντοπούλου για την ανακοίνωση της ΕΛ.ΑΣ.,efsyn.gr,2026-02-13,https://www.efsyn.gr/politiki/antipoliteysi/500857_orgismeni-antidrasi-konstantopoyloy-gia-tin-anakoinosi-tis-elas,2026-02-14 17:29:21.690380,"«Απαράδεκτη, ντροπιαστική και χαρακτηριστική της ενοχής του» χαρακτήρισε η Ζωή Κωνσταντοπούλου τηνανακοίνωση του αρχηγείου της ΕΛ. ΑΣγια την παραβίαση του απορρήτου των διαδικασιών κατά την μήνυση που υπέβαλε στον Άδωνι Γεωργιάδη. Η πρόεδρος της Πλεύσης Ελευθερίας δήλωσε: «Δεν ζήτησα να ερευνηθεί κάποια δική μου καταγγελία (...) ζήτησα να γίνουν τα νόμιμα για την απερίφραστη δήλωση του εν ενεργεία Υπουργού Υγείας». Η πρόεδρος της Πλεύσης Ελευθερίαςζήτησε παραιτήσεις, καθώς, όπως κατήγγειλε, ο υπουργός Υγείας παραδέχθηκε πως είχε ενημέρωση από αστυνομικό του ΑΤ Εξαρχείων για μήνυση που κατέθεσε εναντίον του, σε ένα στάδιο που «που μόνο ο Εισαγγελέας δικαιούται να γνωρίζει»."
Η συνέντευξη Στουρνάρα στην «Ομάδα Αλήθειας» άνοιξε τον ασκό του Αιόλου,efsyn.gr,2026-02-13,https://www.efsyn.gr/politiki/500858_i-synenteyxi-stoyrnara-stin-omada-alitheias-anoixe-ton-asko-toy-aioloy,2026-02-14 17:29:21.690380,"Σε μείζον πολιτικό θέμα αναδείχθηκεη συνέντευξη του διοικητή της Τράπεζας της Ελλάδας, Γιάννη Στουρνάρα, στον προπαγανδιστικό βραχίονα της Νέας Δημοκρατίας στα μέσα κοινωνικής δικτύωσης, δηλαδή στην «Ομάδα Αλήθειας». Ο κ. Στουρνάρας μπήκε στο στόχαστρο των εκπροσώπων των κομμάτων της αντιπολίτευσης αλλά και του πρώην πρωθυπουργού, Αλέξη Τσίπρα, τόσο για την ίδια την συνέντευξη αλλά και για το περιεχόμενό της. Οι κατηγορίες που του αποδίδονται είναι σκληρές: ότι νομιμοποιεί τη λειτουργία ενός προπαγανδιστικού μέσου ως μέσου ενημέρωσης - ο οποίος μάλιστα κατηγορήθηκε για περιστρεφόμενες πόρτες και παράνομη χρηματοδότηση-, ότι θέλει να εξασφαλίσει μια τρίτη θητεία στο τιμόνι της διοίκησης της Τράπεζας της Ελλάδος, ότι λειτουργεί ως εκπρόσωπος της Ομάδας Αλήθειας και ότι βρίθει μεροληψίας ενώ κατέχει έναν ρόλο τεχνοκρατικό και υποτίθεται ουδέτερο. Ο κ. Στουρνάρας, πέρα από την προαναφερθείσα επιλογή του για την συνέντευξη, εκτόξευσε πολύ σοβαρές καταγγελίες κατά του Αλέξη Τσίπρα. Επί της ουσίας τον κατηγόρησε για σκευωρία και για παρέμβαση στις δικαστικές αρχές, επειδή όταν αρνήθηκε την προτεινόμενη διοίκηση για την τράπεζα Αττικής, προχώρησε το ΣΔΟΕ σε έλεγχο των εταιρειών της συζύγου του. Ο πρώην πρωθυπουργός βγήκε στην αντεπίθεση προχωρώντας σε μια ιδιαιτέρως σκληρή ανάρτηση και αυτό με τη σειρά του προκάλεσε ένα μπαράζ «μαχαιριών» μέσω διαρροών. Την συνέντευξη του κ. Στουρνάρα επέκρινε πρώτοςσε ιδιαίτερα υψηλούς τόνους ο Κώστας Ζαχαριάδηςαπό τον ΣΥΡΙΖΑ, ο οποίος μεταξύ άλλων σχολίασε:  «Αυτά είναι αδιανόητα για ευρωπαϊκή χώρα, αυτά δεν συμβαίνουν ούτε στον τρίτο κόσμο. Δεν σέβεται λίγο το θεσμικό του ρόλο; Η χώρα έχει μπει σε έναν απερίγραπτο θεσμικό εκφυλισμό. Ιδίως ο Διοικητής της ΤτΕ θα έπρεπε να είναι διπλά προσεκτικός, διότι η ""Ομάδα Αλήθειας"" συνδέεται με την αμαρτωλή Blue Skies», προσθέτει. «Με ποια αξιοπιστία θα αντιμετωπίσει κάποιος πλέον τον κ. Στουρνάρα όταν αυτός δίνει συνέντευξη στον παράνομα χρηματοδοτούμενο βραχίονα προπαγάνδας της ΝΔ, η οποία χρωστάει πάνω από 500 εκατομμύρια ευρώ δανεικά και αγύριστα στις τράπεζες;» Την σκυτάλη της κριτικής από τον Ζαχαριάδη παρέλαβε ο Δημήτρης Κατσικάρης, γραμματέας του Τομέα Επικοινωνίας του ΠΑΣΟΚ. Ο κ. Κατσικάρης με ανάρτησή του ανέφερε τα εξής: «Απίστευτο: ο κεντρικός Τραπεζίτης δίνει συνέντευξη στην #Ομάδα_Αναλήθειας” αναγνωρίζοντάς την έτσι ως “Μέσο Ενημέρωσης”! Ο Γ. Στουρνάρας με την πράξη του αυτή, αναγνωρίζει και νομιμοποιεί έναν σκληρό κυβερνητικό μηχανισμό φαιάς προπαγάνδας… αυτός ο “θεσμικός” Τραπεζίτης! Και μάλιστα, την ίδια ώρα που ο κυβερνητικός εκπρόσωπος απειλεί δημοσιογράφους, επειδή δεν του αρέσουν οι ερωτήσεις τους! Βρες το λάθος…». Οξεία ήταν η επίθεσηπου εξαπέλυσε ο γραμματέας της Νέας Αριστεράς, Γαβριήλ Σακελλαρίδης, ο οποίος μεταξύ άλλων ανέφερε πως ο κ. Στουρνάρας γελοιοποιείται και εκτίθεται. «Γνωρίζει ότι εκτίθεται και γελοιοποιείται -και ως πρόσωπο και ως θεσμός- δίνοντας συνέντευξη στην Ομάδα ""Αλήθειας"", αλλά για κάποιο λόγο θεωρεί ότι το οριακό όφελος είναι μεγαλύτερο από το οριακό κόστος, όπως μας δίδασκε κάποτε στο Πανεπιστήμιο. Ο Γ. Στουρνάρας είναι γνωστό, από την πρώτη του μέρα στη διοίκηση της ΤτΕ, ότι δεν είναι ανεξάρτητος. Σήμερα μας λέει κατάμουτρα - με τον τρόπο του και τους συμβολισμούς που επιλέγει- ότι η εποπτεία του τραπεζικού συστήματος γίνεται στο όνομα του Κ. Μητσοτάκη και του ρυπαρού συστήματος του. Οχι ότι δεν το ξέραμε, αλλά είναι αλλιώς να σου το λένε έτσι ευθέως», σχολίασε μεταξύ άλλων ο κ. Σακελλαρίδης. Θέση για την συνέντευξη Στουρνάρα πήρε και ο Πάυλος Πολάκης, ο οποίος σχολίασε κάτω από την ανάρτηση του Αλέξη Τσίπρα λέγοντάς του πως συμφωνεί για πρώτη φορά μετά από πολύ καιρό με όσα έγραψε ο πρώην πρωθυπουργός, αφήνοντας ωστόσο αιχμές για την συνεργασία του με τον κ. Χουλιαράκη. «Μετα απο πολυυυυυυ καιρο θα συμφωνησω (σχεδον) με όλα οσα λες για το Στουρναρα. […] Ενας Στουρναρας που μετα απο αυτα που εκανε επρεπε να ειχε οδηγηθει στην παραιτηση!!!Αλλα δυστυχως καποιοι απο την κυβέρνηση τον ΣΤΗΡΙΖΑΝ. Δηλαδη Τσακαλωτος-Χουλιαρακης και Δραγασακης!!» έγραψε ο Παύλος Πολάκης. Στην συνέχεια ανέφερε ότι «ειναι προφανες πως μετα απο αυτη τη συνεντευξη του Στουρναρα και αυτη την απαντηση του Αλεξη Τσιπρα ,ο Χουλιαρακης ΔΕΝ ΜΠΟΡΕΙ να ειναι ΚΑΙ συμβουλος του Στουρναρα ΚΑΙ μελος του Ινστιτουτου Αλεξη Τσιπρα.Απο ενα απο τα δυο ή πρεπει να παραιτηθει ή να τον παραιτησετε! «Κακοι» συνεργατες και σύμβουλοι παλι……..». Πέρα από τις προαναφερθείσες αντιδράσεις αυτή που κέντρισε το ενδιαφέρον ήταν τομπαράζ σχολίων και μαχαιριώνμεταξύ του πρώην πρωθυπουργού και του διοικητή της ΤτΕ. Ο Αλέξης Τσίπρας εξαπέλυσε δριμεία επίθεση τονίζοντας την... προθυμία του Γιάννη Στουρνάρα να δώσει διαπιστευτήρια στον Κυριάκο Μητσοτάκη προκειμένου να εξασφαλίσει μια τρίτη θητεία στην Τράπεζα της Ελλάδας. «Προκειμένου λοιπόν να υποβάλλει τα διαπιστευτήρια της υπακοής του στον κύριο Μητσοτάκη, με προφανή στόχο αυτός να του χαρίσει μια ακόμη θητεία, αποδείχτηκε ότι είναι διατεθειμένος ακόμη και τον κομπάρσο να κάνει στο μαύρο θέατρο της προπαγάνδας», ανέφερε ο κ. Τσίπρας. Για τα όσα ανέφερε ο διοικητής της ΤτΕ, ο πρώην πρωθυπουργός κάνει λόγο για ισχυρισμούς που στερούνται σοβαρότητας. Λίγη ώρα αργότερα ήρθε η ανταπάντηση από την πλευρά του Γιάννη Στουρνάρα με κύκλους του διοικητή της ΤτΕ να σχολιάζουν ειρωνικά την ανάρτηση του πρώην πρωθυπουργού, χωρίς, πάντως, να επανέρχονται στο δια ταύτα. «Η “Ιθάκη” του φαίνεται πως έχει το πλεονέκτημα ότι δεν περιλαμβάνει capital controls, κλειστές τράπεζες και τρίτο μνημόνιο — τουλάχιστον όχι στην αφήγηση» σημειώνουν οι κύκλοι του κ. Στουρνάρα και επισημαίνουν «αι αριθμοί όμως είναι λιγότερο ποιητικοί. Το 2015 η χώρα βρέθηκε ένα βήμα πριν από την άτακτη χρεοκοπία, με τις τράπεζες σε ασφυξία και την οικονομία σε ελεύθερη πτώση. Αυτό δεν το επέβαλαν ούτε οι “προπαγανδιστές” ούτε οι “ομάδες”. Το επέβαλαν οι επιλογές». Στην απάντησή του, ακόμη, σημειώνεται ότι «με κατηγορεί για πολιτική μεροληψία εκείνος που θεωρούσε ότι η κεντρική τράπεζα οφείλει να σιωπά όταν διακυβεύεται η σταθερότητα της χώρας. Αν η προειδοποίηση για κινδύνους βαφτίζεται “εκβιασμός”, τότε η έννοια της θεσμικής ευθύνης έχει πράγματι αλλοιωθεί». «Όσο για τις θητείες, δεν αποτελούν προσωπική φιλοδοξία ούτε λογοτεχνικό βραβείο. Αν κάποιοι ενοχλούνται από τη θεσμική ανεξαρτησία, ίσως είναι επειδή δεν κατάφεραν ποτέ να την ελέγξουν. Η Ιστορία, πάντως, δεν γράφεται με ευχές. Γράφεται με ισολογισμούς» προστίθεται. Πάντως, ο Τσίπρας επανήλθε μέσω πηγών του περιβάλλοντός του, οι οποίες σχολίασαν τα λεγόμενα του περιβάλλοντος Στουρνάρα ιδιαίτερα δηκτικά, κάνοντας λόγο για καλύτερη ικανότητα του κ. Στουρνάρα για.. εκπρόσωπος Τύπου της Ομάδας Αλήθειας, απ' ό,τι για διοικητής της ΤτΕ. Συγκεκριμένα σχολίασαν: «Η απάντηση μέσω κύκλων του κυρίου Στουρνάρα στον Α. Τσίπρα και ιδίως το περιεχόμενό της, επιβεβαιώνει την εκτίμηση ότι τελικά είναι καλύτερος για εκπρόσωπος τύπου της Ομάδας Αλήθειας παρά για Διοικητής της ΤτΕ. Του συνιστούμε πάντως εκτός από το λυσάρι με τις ατάκες που μοιράζει το Μαξίμου στα γαλάζια τρολ για την Ιθάκη, να διαβάσει και το ίδιο το βιβλίο. Και του ευχόμαστε μια τρίτη θητεία ώστε να φτάσει τα χρόνια του Παναγοπούλου στη ΓΣΕΕ.»."
Ο Λάνθιμος και περισσότερες από 100 παγκόσμιες προσωπικότητες στηρίζουν την Αλμπανέζε,efsyn.gr,2026-02-14,https://www.efsyn.gr/kosmos/boreia-ameriki/500913_o-lanthimos-kai-perissoteres-apo-100-pagkosmies-prosopikotites,2026-02-14 17:29:21.690380,"Περισσότερες από 100 προσωπικότητες από το χώρο του πολιτισμού, συμπεριλαμβανομένης της βραβευμένης με Νόμπελ ΛογοτεχνίαςΑνί Ερνόκαι της Αμερικανίδας ηθοποιούΣούζαν Σαράντον, εξέφρασαν σήμερα την υποστήριξή τους στην ειδική εισηγήτρια του ΟΗΕ για τα παλαιστινιακά εδάφηΦραντσέσκα Αλμπανέζε, την παραίτηση της οποίας ζήτησαν η Γαλλία και η Γερμανία έπειτα από πρόσφατες δηλώσεις της για το Ισραήλ, όπως μεταδίδει το AFP. «Προσφέρουμε την πλήρη υποστήριξή μας στη Φραντσέσκα Αλμπανέζε, μια υπερασπίστρια του δικαιώματος των λαών, συμπεριλαμβανομένου του παλαιστινιακού λαού, να υπάρχουν», δήλωσαν αυτές οι προσωπικότητες, μεταξύ των οποίων οι μουσικοίΠίτερ ΓκάμπριελκαιΆνι Λένοξ, οι ηθοποιοίΧαβιέ ΜπαρδέμκαιΜαρκ Ράφαλο, και ο σκηνοθέτηςΓιώργος Λάνθιμος. «Είμαστε απείρως περισσότεροι, σε όλο τον κόσμο, που θέλουμε η βία να μην είναι πλέον ο νόμος», αναφέρει η ανοιχτή επιστολή που συνέταξε η συλλογικότητα «Καλλιτέχνες για την Παλαιστίνη». Η επιστολή καταγγέλλει επίσης την έλλειψη κυρώσεων εις βάρος του Ισραήλ από την πλευρά του γαλλικού κράτους. Γάλλοι βουλευτές και αριστεροί ηγέτες (Πράσινοι, Ανυπότακτη Γαλλία) υποστήριξαν επίσης τη Φραντσέσκα Αλμπανέζε. Η ίδια η Αλμπανέζε κατήγγειλε τις κατηγορίες ως «ψευδείς» και «χειραγώγηση» των σχολίων της. Η διαμάχη συνέχισε να κλιμακώνεται έπειτα από επιστολή που απέστειλαν περίπου 20 Γάλλοι βουλευτές προς το υπουργείο Εξωτερικών ζητώντας να αφαιρεθεί από την Αλμπανέζε «κάθε εντολή εκ μέρους του ΟΗΕ, με άμεση ισχύ», εξαιτίας αυτών των δηλώσεών της. Σύμφωνα με αυτούς, η εν λόγω εμπειρογνώμονας, σε δημόσια δήλωσή της, χαρακτήρισε το Ισραήλ «κοινό εχθρό της ανθρωπότητας». Την επόμενη μέρα, ο Ζαν-Νοέλ Μπαρό ζήτησε την παραίτηση της Αλμπανέζε ενώπιον του κοινοβουλίου για τα «εξωφρενικά και κατακριτέα σχόλιά της που στοχοποιούν (...) το Ισραήλ ως λαό και ως έθνος, κάτι που είναι απολύτως απαράδεκτο». Αυτά τα σχόλια «προστίθενται σε μια μακρά λίστα σκανδαλωδών τοποθετήσεων, που δικαιολογούσαν την 7η Οκτωβρίου, τη χειρότερη αντισημιτική σφαγή στην ιστορία μετά το Ολοκαύτωμα, που αναφέρονταν στο εβραϊκό λόμπι ή ακόμη συνέκριναν το Ισραήλ με το Τρίτο Ράιχ», είπε. Την Πέμπτη συμφώνησε μαζί του ο Γερμανός ομόλογός του Γιόχαν Βάντεφουλ. Οι υποστηρικτές της Αλμπανέζε κατήγγειλαν την απόφαση ως βασισμένη σε «ψευδείς πληροφορίες». «Ποτέ, μα ποτέ, δεν είπα ότι το Ισραήλ είναι ο κοινός εχθρός της ανθρωπότητας», δήλωσε εκείνη την Τετάρτη στο τηλεοπτικό δίκτυο France 24. «Έχω μιλήσει για τα εγκλήματα του Ισραήλ, το απαρτχάιντ, τη γενοκτονία και έχω καταδικάσει ως κοινό εχθρό το σύστημα που εμποδίζει την προσαγωγή των εγκλημάτων του Ισραήλ στη δικαιοσύνη και την ολοκλήρωσή τους», υποστήριξε."
Μπουρλότο,efsyn.gr,2026-02-14,https://www.efsyn.gr/politiki/paraskinia/500877_mpoyrloto,2026-02-14 17:29:21.690380,"Αυστηρό μήνυμα στους Χάρη Δούκα, Παύλο Γερουλάνο και στα στελέχη που -σύμφωνα με τη Χαριλάου Τρικούπη- ανακυκλώνουν την εσωκομματική εσωστρέφεια έστειλε χθες κατά τη συνεδρίαση της Πολιτικής Γραμματείας της ΚΟΕΣ ο Νίκος Ανδρουλάκης. «Γνωριζόμαστε πάρα πολύ καλά. Και ειδικά όσοι έμειναν εδώ στα δύσκολα ξέρουν πώς μας αντιμετωπίζουν τα media. Πρέπει κάποιοι να καταλάβετε ότι οι εσωκομματικές εκλογές έχουν τελειώσει. Μπροστά μας δεν έχουμε εσωκομματικές εκλογές. Εχουμε εθνικές εκλογές. Και ο λαός θέλει από εμάς στις εθνικές εκλογές να κλείσει το κεφάλαιο “κυβέρνηση Νέας Δημοκρατίας”», δήλωσε ο πρόεδρος του ΠΑΣΟΚ, σηκώνοντας το γάντι της κριτικής περί αλγόριθμου και μεθοδεύσεων υπέρ των προεδρικών. «Δεν σε αμφισβήτησα ποτέ μετά τις εσωκομματικές. Σέβομαι τα όργανα. Πρέπει και εσύ να σέβεσαι εμάς» του απάντησε ο Χ. Δούκας. Μπουρλότο, που έλεγε η Σαπφώ Νοταρά στην αξέχαστη ταινία «Αχ αυτή η γυναίκα μου», και η συνέχεια αύριο στην Ολομέλεια της ΚΟΕΣ... "
Η Πλαίσιο αποχαιρετά τον κύριο Γιώργο,efsyn.gr,2026-02-11,https://www.efsyn.gr/oikonomia/ta-nea-tis-agoras/500582_i-plaisio-apohaireta-ton-kyrio-giorgo,2026-02-14 17:29:21.690380,"Με βαθιά λύπη ανακοινώνουμε την απώλεια του Γιώργου Γεράρδου, Ιδρυτή και Προέδρου του Διοικητικού Συμβουλίου της Πλαίσιο. Για 57 συναπτά χρόνια βρισκόταν καθημερινά δίπλα στο αγαπημένο του δημιούργημα, με την ίδια αφοσίωση, το ίδιο πάθος και την ίδια ανήσυχη ματιά προς το μέλλον. Γεννημένος το 1946 στο Παλαιό Φάληρο, από σκληρά εργαζόμενους γονείς, μεγάλωσε με αξίες, παιδεία και όνειρα. Χάρη στην πίστη των γονιών του, φοίτησε με υποτροφία στο Κολλέγιο Αθηνών. Από τα μαθητικά του χρόνια ξεχώριζε για τη δημιουργικότητά του: γεννούσε ασταμάτητα ιδέες, βρισκόταν πάντα ένα βήμα μπροστά από την εποχή του και δεν φοβήθηκε ποτέ να ρισκάρει για να κάνει πράξη το όραμά του. Το 1969, ως δευτεροετής φοιτητής του Εθνικού Μετσόβιου Πολυτεχνείου, με λίγα δανεικά χρήματα από συγγενείς και φίλους —και με πολύ περισσότερη τόλμη απ’ ό,τι εργαλεία— άνοιξε ένα μικρό κατάστημα 14 τετραγωνικών μέτρων στην οδό Στουρνάρη. Εκεί μπήκαν τα θεμέλια μιας πορείας που έμελλε να οδηγήσει στη δημιουργία μίας από τις μεγαλύτερες εταιρείες τεχνολογίας στην Ελλάδα. Ο Γιώργος Γεράρδος δεν φοβήθηκε ποτέ το άγνωστο. Γι’ αυτό και σε όλη τη ζωή του παρέμεινε καινοτόμος, διορατικός και ανθεκτικός. Στάθηκε δυνατός σε κάθε πρόκληση —όχι γιατί δεν δυσκολεύτηκε, αλλά γιατί ήξερε να σηκώνεται κάθε φορά που έπεφτε. Ήξερε πότε και πώς να οδηγήσει «το καράβι», ώστε να παραμένει πάντα μπροστά, πάντα επίκαιρος. Για την ομάδα του Πλαισίου δεν ήταν ο «κύριος Γεράρδος», ήταν απλώς ο κύριος Γιώργος. Εκείνος που ήξερε τους 1.700 συνεργάτες του με το μικρό τους όνομα, που συμβούλευε να «μη μασάνε» με ένα φιλικό χτύπημα στην πλάτη και που, ακόμη και στις δύσκολες ημέρες, χαμογελούσε και έλεγε με σιγουριά: «Πλαίσιο είμαστε». Ο Γιώργος Γεράρδος αφήνει πίσω του, τον γιό του Κώστα και τα τρία εγγόνια του. Η εξόδιος ακολουθία θα πραγματοποιηθεί το Σάββατο 14 Φεβρουαρίου και ώρα 11:00, στον Ιερό Ναό Μεταμορφώσεως Κεφαλαρίου. Η οικογένεια, αντί στεφάνου, επιθυμεί την ενίσχυση του Μη Κερδοσκοπικού Σωματείου «+πλευση», μιας οργάνωσης που στηρίζει και βελτιώνει τις συνθήκες διαβίωσης των κατοίκων των ελληνικών ακριτικών νησιών. Η επιλογή αυτή τιμά τη μνήμη του Γιώργου Γεράρδου και τη βαθιά του αγάπη για τη θάλασσα, τα ακριτικά νησιά και την εκπαίδευση. Τράπεζα: ALPHA BANK AE Αριθμός λογαριασμού: 960 00 2002 000965 ΙΒΑΝ: GR3901409600960002002000965 Δικαιούχος: ΣΥΜΠΛΕΥΣΗ ΑΣΤΙΚΗ ΜΗ ΚΕΡΔΟΣΚΟΠΙΚΗ ΕΤΑΙΡΕΙΑ Γεώργιος Γεράρδος | Ιδρυτής & Εκτελεστικός Πρόεδρος Δ.Σ.Πλαίσιο Computers Α.Ε.Β.Ε. Γεννήθηκε το 1946 και αποφοίτησε από το Κολέγιο Αθηνών το 1965. Σε ηλικία 23 ετών, ο  φοιτητής του Εθνικού Μετσόβιου Πολυτεχνείου, Γιώργος Γεράρδος, εντόπισε τα κενά της αγοράς σε εξοπλισμούς τεχνικών γραφείων. Δανείστηκε από φίλους 80.000 δραχμές και με αυτές, αποφάσισε το 1969 να ιδρύσει την εταιρεία Πλαίσιο σε ένα κατάστημα μόλις 14 τ.μ.. Από την πρώτη κιόλας ημέρα της λειτουργίας του, πρωτοπόρησε, καθώς έχει εξαλείψει τους μεσάζοντες στην εισαγωγή των προϊόντων. Με αυτή του την πρωτοβουλία, πέτυχε καλύτερες τιμές για τους πελάτες του. Το 1973, ορκίστηκε Πολιτικός Μηχανικός από το Εθνικό Μετσόβιο Πολυτεχνείο. Το 1985 εμπνεύστηκε τον πρώτο ΒΤΟ Η/Υ στην Ελλάδα, ο οποίος συναρμολογείται στα μέτρα του πελάτη κι έχει εξαιρετικές δυνατότητες αναβάθμισης σε άκρως ανταγωνιστικές τιμές: τον ονομάζει «Turbo X».Το 1996, εισήγαγε την -πρωτοπόρα τότε- χρήση έντυπου καταλόγου για απευθείας πωλήσεις, που μαζί με το in-house call center και τη δυνατότητα παράδοσης των παραγγελιών την επόμενη μέρα, κατάφερε από πολύ νωρίς να δει το όραμά του  να γίνεται πραγματικότητα. Έτσι, δημιούργησε την ολοκληρωμένη πολυκαναλική εμπειρία, την εμπειρία Πλαίσιο. Το 1999 αποφάσισε να μπει με την Πλαίσιο στο Χρηματιστήριο Αθηνών και να εισάγει στον digital κόσμο το Plaisio.gr, το πρώτο εμπορικό site τεχνολογίας στην Ελλάδα με δυνατότητα παραγγελίας & παράδοσης προϊόντων.Για οκτώ συνεχόμενα χρόνια η Πλαίσιο συγκαταλέγεται στις 500 ταχύτερα αναπτυσσόμενες εταιρείες στην Ευρώπη, ενώ το 2009, εγκαινιάζει τη λειτουργία του υπερσύγχρονου κέντρου logistics στη Μαγούλα Αττικής. 21 χρόνια αργότερα, η δυναμική του κέντρου αυτού ξεπερνά τις προσδοκίες και γίνεται καθοριστικός παράγοντας της επιτυχίας του κατά τη διάρκεια της πανδημίας με 230.000 πελάτες να παραλαμβάνουν τις παραγγελίες τους εντός 2-3 ημερών, μόνο κατά το δίμηνο διάστημα της πρώτης καραντίνας.Το 2021, ο Γιώργος Γεράρδος βραβεύτηκε «Έλληνας Επιχειρηματίας της Χρονιάς» από την ΕΥ, και αναγνωρίστηκε για ακόμα μία φορά η επιτυχημένη πορεία και καινοτόμος προσφορά του στον επιχειρηματικό κόσμο. Σήμερα, η Πλαίσιο, το όραμα του Γιώργου Γεράρδου, μετά από 57 χρόνια αδιάλειπτης κερδοφορίας, απασχολεί περίπου 1.700 εργαζόμενους παραμένοντας συνώνυμο της τεχνολογίας και της άριστης εξυπηρέτησης πελατών, εξασφαλίζοντας μια απρόσκοπτη πολυκαναλική εμπειρία."
Protergia Club: Νέες μεγάλες συνεργασίες και μοναδικά προνόμια,efsyn.gr,2026-02-10,https://www.efsyn.gr/oikonomia/ta-nea-tis-agoras/500440_protergia-club-nees-megales-synergasies-kai-monadika-pronomia,2026-02-14 17:29:21.690380,"Η Protergia, ο κορυφαίος ιδιώτης πάροχος ενέργειας στην Ελλάδα, με περισσότερες από 680.000 παροχές ενέργειας καιαναπόσπαστο κομμάτιτηςMETLEN, συνεχίζει να διευρύνει το δίκτυο συνεργατών του προγράμματος επιβράβευσηςProtergia Club, για να προσφέρει ακόμη περισσότερα προνόμιασε όλους τους πελάτες της, με νέους συνεργάτες να προστίθενται συνεχώς. Ξεχωρίζει η συνεργασία με τη SKY express, η οποία δίνει στους πελάτες της Protergiaεκπτώσεις έως 20% σε όλα τα ταξίδια. ΤοProtergia Clubπροσφέρει πρακτικά οφέλη με εκπτώσεις και προσφορές σε αγαπημένα προϊόντα και υπηρεσίες μέσα από ένα δίκτυο επιλεγμένων συνεργατών. Οι συνεργασίες καλύπτουν ένα ευρύ φάσμα κατηγοριών, όπως ταξίδια και μετακινήσεις, ψυχαγωγία, αγορές, ευεξία και υπηρεσίες καθημερινότητας. Κάθε όφελος έχει σχεδιαστεί με επίκεντρο τις πραγματικές ανάγκες των πελατών της Protergia. Μεγάλος διαγωνισμός Protergia Club Κατεβάστε τώρα το Protergia App και μπείτεέως τις 28 Φεβρουαρίουστο Protergia Club, για να συμμετάσχετε αυτόματα στον μεγάλο διαγωνισμό, που θα μοιράσει μοναδικά δώρα σε 50 τυχερούς, όπως ταξίδια, δώρα τεχνολογίας, είδη σπιτιού και πολλά ακόμη! Γίνετε πελάτης Protergia, κατεβάστε τοProtergia Appκαι μπείτε στοProtergia Clubγια νααπολαμβάνετε περισσότερη αξία, περισσότεραπρονόμιακαι περισσότερεςεπιλογές κάθε μέρα!"
ΔΕΗ: Έξυπνες λύσεις εξυπηρέτησης ενισχύουν την ψηφιακή εμπειρία των πελατών,efsyn.gr,2026-02-09,https://www.efsyn.gr/oikonomia/ta-nea-tis-agoras/500408_dei-exypnes-lyseis-exypiretisis-enishyoyn-tin-psifiaki-empeiria,2026-02-14 17:29:21.690380,"Η ΔΕΗ επενδύει συστηματικά στη βελτίωση της ψηφιακής εμπειρίας των πελατών της, αναπτύσσοντας ένα ενιαίο οικοσύστημα εργαλείων επικοινωνίας και εξυπηρέτησης που αξιοποιούν την τεχνολογία για πιο άμεση και προσωποποιημένη υποστήριξη, ανταποκρινόμενο στις σύγχρονες ανάγκες των καταναλωτών. ΦΟΙΒΗ: Προσωποποιημένη ενημέρωση με τη βοήθεια ΑΙ Στο πλαίσιο αυτό, η ΔΕΗ έχει εισαγάγει τη Φοίβη, ένα εργαλείο προσωποποιημένης εξυπηρέτησης με χρήση τεχνητής νοημοσύνης στον έντυπο λογαριασμό. Η Φοίβη παρέχει στοχευμένες πληροφορίες για τον λογαριασμό και, μέσα από την επεξήγηση των βασικών στοιχείων του, διευκολύνει την κατανόηση των χρεώσεων και της κατανάλωσης, μετατρέποντας τον έντυπο λογαριασμό σε ένα πιο λειτουργικό και φιλικό σημείο ψηφιακής επικοινωνίας. Η Φοίβη ενσωματώνεται στον έντυπο λογαριασμό στο πλαίσιο της ενοποίησης της ψηφιακής εμπειρίας πελάτη, λειτουργώντας ως ψηφιακή εκπρόσωπος της ΔΕΗ στην καθημερινή επικοινωνία με τους καταναλωτές. myΔΕΗ: Ο ψηφιακός κόσμος της ΔΕΗ Παράλληλα, το myΔΕΗ συνεχίζει να αποτελεί το βασικό ψηφιακό σημείο επαφής των πελατών με την εταιρεία. Μέσα από την πλατφόρμα και τις εφαρμογές του, οι χρήστες μπορούν να διαχειρίζονται τις παροχές τους, να παρακολουθούν την κατανάλωσή τους, να λαμβάνουν προνόμια και προσφορές, καθώς επίσης να έχουν πρόσβαση σε πληροφορίες και υπηρεσίες που ανταποκρίνονται στις ανάγκες της καθημερινότητάς τους, διαμορφώνοντας μια ολοκληρωμένη εμπειρία ψηφιακής εξυπηρέτησης. Ο ψηφιακός σύμβουλος εξοικονόμησης ενέργειας Στο ίδιο οικοσύστημα ψηφιακών υπηρεσιών εντάσσεται και το ΔΕΗ myEnergy Coach, ο ψηφιακός σύμβουλος εξοικονόμησης ενέργειας της ΔΕΗ, που αξιοποιεί δεδομένα ενεργειακής κατανάλωσης, ώστε να παρέχει προσωποποιημένες πληροφορίες και προτάσεις εξοικονόμησης ενέργειας σε κάθε νοικοκυριό. Με τον τρόπο αυτό, η ψηφιακή εξυπηρέτηση αποκτά έναν πιο ενεργό ρόλο, υποστηρίζοντας ουσιαστικά τους πελάτες στη διαχείριση της καθημερινής τους ενεργειακής συμπεριφοράς. Η ανάπτυξη των ψηφιακών εργαλείων και υπηρεσιών δεν αποτελεί μεμονωμένη τεχνολογική πρωτοβουλία, αλλά αποτέλεσμα της συνεργασίας εμπορικών, τεχνολογικών και λειτουργικών ομάδων του Ομίλου ΔΕΗ, με κοινό στόχο τη βελτίωση της ψηφιακής εμπειρίας πελάτη. Η συστηματική αξιοποίηση δεδομένων, αυτοματισμών και τεχνητής νοημοσύνης επιτρέπει στη ΔΕΗ να σχεδιάζει λύσεις που ανταποκρίνονται στις πραγματικές ανάγκες των νοικοκυριών και των επιχειρήσεων. Ένα ενιαίο ψηφιακό οικοσύστημα από τη ΔΕΗ με επίκεντρο τον πελάτη Μέσα από τη συνεχή εξέλιξη του myΔΕΗ, την αξιοποίηση του myEnergy Coach και την ενσωμάτωση της Φοίβης, η ΔΕΗ διαμορφώνει ένα ενιαίο και λειτουργικό οικοσύστημα επικοινωνίας και εξυπηρέτησης που απλοποιεί διαδικασίες και ενισχύει τη σχέση εμπιστοσύνης με τους πελάτες της. Η ενίσχυση της ψηφιακής εμπειρίας πελάτη αποτελεί βασικό άξονα της μετάβασης της ΔΕΗ σε έναν σύγχρονο Powertech Όμιλο, με στόχο μια εμπειρία εξυπηρέτησης που είναι ανθρώπινη, εύχρηστη και προσαρμοσμένη στις ανάγκες της νέας εποχής. Στο επίκεντρο του μετασχηματισμού της ΔΕΗ σε Powertech Όμιλο βρίσκεται η πελατοκεντρικότητα, με την τεχνολογία να λειτουργεί ως εργαλείο για την ενοποίηση και αναβάθμιση της εμπειρίας εξυπηρέτησης σε όλα τα σημεία επαφής με τον πελάτη. Η ψηφιακή εξυπηρέτηση δεν λειτουργεί ως αυτόνομο εργαλείο, αλλά ως αναπόσπαστο κομμάτι μιας συνολικής εμπειρίας που συνδυάζει πληροφόρηση, καθοδήγηση και υποστήριξη."
Η IDE στην αιχμή της καινοτομίας,efsyn.gr,2026-02-09,https://www.efsyn.gr/oikonomia/ta-nea-tis-agoras/500406_i-ide-stin-aihmi-tis-kainotomias,2026-02-14 17:29:21.690380,"Η INTRACOM DEFENSE (IDE) ανέλαβε από το NATO Accelerating Interoperability and Standardization (AIS) Fund, το έργο με τίτλο «Τυποποίηση Μη Επανδρωμένων Σκαφών Επιφανείας: Τρέχουσα Κατάσταση και Μελλοντικές Προοπτικές» (""Unmanned Surface Vehicles (USV) Standardization: Current Status and Future Outlook""). Στόχος του έργου είναι η επιτάχυνση της τυποποίησης των USVs και της παροχής κατευθυντήριων γραμμών και εισηγήσεων προς το ΝΑΤΟ, ενώ παράλληλα θα διατυπωθούν συστάσεις για συνεργασία με εξωτερικούς Οργανισμούς Ανάπτυξης Προτύπων (Standards Developing Organizations – SDOs) και τη βιομηχανία.Η IDE είναι ο Φορέας Υλοποίησης (κύριος ανάδοχος) και για την επιτυχή υλοποίηση του έργου, συνεργάζεται με την ελληνική DEFENCE STANDARDIZATION ADVICE P.C. (DEFSTAND), με μοναδική τεχνογνωσία στη διαλειτουργικότητα και τη διαχείριση τυποποίησης, καθώς και με την ASTM International, παγκόσμιο ηγέτη στην ανάπτυξη και διάθεση τεχνολογικών προτύπων. Με αφορμή την ανάθεση του έργου, o Διευθύνων Σύμβουλος της IDE, κ. Γεώργιος Τρουλλινός, δήλωσε: «Αποτελεί ιδιαίτερη τιμή για την IDE η επιλογή της από το NATO, ως Κύριο Ανάδοχο ενός έργου που αφορά σε έναν τεχνολογικό τομέα υψηλής στρατηγικής σημασίας διεθνώς, αυτόν των USVs, έχοντας ήδη από το 2019 αναπτύξει, σε συνεργασία με άλλες ελληνικές εταιρείες το πρώτο Ελληνικό USV»."
